,pokemonId,days,latitude,longitude,temperature,windSpeed,seconds,date
0,1.0,2016-09-02,38.235947374999995,-83.20796750000001,24.8375,6.694999999999999,22:48:58,2016-09-02T22:48:58
1,1.0,2016-09-03,37.0862851868132,-91.29599529670332,21.806593406593404,6.8753846153846165,11:23:22,2016-09-03T11:23:22
2,1.0,2016-09-04,36.19260545882353,-86.57496612941176,23.376470588235303,5.90364705882353,10:43:34,2016-09-04T10:43:34
3,1.0,2016-09-05,36.04900432231404,-88.6115229586777,24.24132231404959,5.80330578512397,12:21:43,2016-09-05T12:21:43
4,1.0,2016-09-06,34.77683475886526,-89.78205042553189,26.431205673758875,6.748085106382978,12:53:52,2016-09-06T12:53:52
5,1.0,2016-09-07,36.3105596547619,-91.42457574999999,24.672619047619058,6.053452380952382,7:02:19,2016-09-07T7:02:19
6,1.0,2016-09-08,36.536135818181826,-96.04923863636364,25.018181818181816,6.247272727272727,1:42:34,2016-09-08T1:42:34
7,2.0,2016-09-03,35.811575399999995,-84.440963,25.04,8.234,16:54:44,2016-09-03T16:54:44
8,2.0,2016-09-04,35.389241,-94.939462,22.9,5.0125,16:01:49,2016-09-04T16:01:49
9,2.0,2016-09-05,34.86078428571428,-85.2003472857143,25.18571428571429,5.9607142857142845,11:32:08,2016-09-05T11:32:08
10,2.0,2016-09-06,33.73040387500001,-90.885432875,26.4,5.471250000000001,16:52:47,2016-09-06T16:52:47
11,2.0,2016-09-07,36.80834733333333,-84.66177033333334,25.200000000000003,6.598333333333334,3:30:00,2016-09-07T3:30:00
12,2.0,2016-09-08,32.942937,-97.151882,30.9,9.96,1:02:45,2016-09-08T1:02:45
13,3.0,2016-09-04,36.743609666666664,-78.38664666666666,24.400000000000002,6.419999999999999,14:03:26,2016-09-04T14:03:26
14,3.0,2016-09-06,33.148248,-91.94169633333333,24.666666666666668,4.966666666666666,8:16:24,2016-09-06T8:16:24
15,4.0,2016-09-02,39.49002383333334,-87.07513666666665,21.816666666666663,7.641666666666666,23:11:28,2016-09-02T23:11:28
16,4.0,2016-09-03,35.740955825,-104.96294719999999,24.042500000000008,6.827500000000001,10:00:56,2016-09-03T10:00:56
17,4.0,2016-09-04,36.310110210526304,-103.7489742368421,22.563157894736843,7.31605263157895,11:33:21,2016-09-04T11:33:21
18,4.0,2016-09-05,38.06290924999999,-92.97921474999998,23.238636363636406,5.072954545454545,13:02:20,2016-09-05T13:02:20
19,4.0,2016-09-06,36.86260595959595,-93.31632013131308,25.768686868686864,7.9377777777777805,11:47:41,2016-09-06T11:47:41
20,4.0,2016-09-07,36.33688072340426,-94.78885846808512,26.078723404255307,7.604255319148934,8:39:51,2016-09-07T8:39:51
21,4.0,2016-09-08,39.888288714285714,-85.780255,25.357142857142858,5.185714285714286,1:36:23,2016-09-08T1:36:23
22,5.0,2016-09-03,34.327818428571426,-110.57171671428571,23.185714285714287,4.401428571428571,5:59:54,2016-09-03T5:59:54
23,5.0,2016-09-04,35.6409455,-100.21556924999999,22.8,6.99,12:55:30,2016-09-04T12:55:30
24,5.0,2016-09-05,37.346061750000004,-85.69085725,18.724999999999998,4.425,7:10:14,2016-09-05T7:10:14
25,5.0,2016-09-06,32.746628,-116.924389,17.3,5.0,2:28:15,2016-09-06T2:28:15
26,5.0,2016-09-07,41.068804,-81.472911,25.8,4.89,0:53:10,2016-09-07T0:53:10
27,6.0,2016-09-03,26.236029,-98.196908,26.6,3.96,23:23:24,2016-09-03T23:23:24
28,6.0,2016-09-05,38.99048,-77.520066,26.0,4.41,21:00:00,2016-09-05T21:00:00
29,6.0,2016-09-06,32.743632,-116.918961,19.3,7.67,1:18:39,2016-09-06T1:18:39
30,6.0,2016-09-08,32.952686,-97.187992,30.9,9.96,1:03:34,2016-09-08T1:03:34
31,7.0,2016-09-02,40.6236265,-93.00034525000001,19.95,7.734999999999999,23:21:45,2016-09-02T23:21:45
32,7.0,2016-09-03,37.275781442105256,-95.8571717052632,23.432631578947362,7.07494736842105,12:14:31,2016-09-03T12:14:31
33,7.0,2016-09-04,37.1173479906542,-95.96180989719625,23.873831775700943,7.144112149532714,10:35:25,2016-09-04T10:35:25
34,7.0,2016-09-05,35.43799214503816,-95.52058574045805,24.409160305343523,4.969083969465649,10:42:39,2016-09-05T10:42:39
35,7.0,2016-09-06,34.94801400847456,-98.47762231355935,25.60762711864406,5.255169491525425,10:15:47,2016-09-06T10:15:47
36,7.0,2016-09-07,35.68661840740742,-91.35894806172837,26.91358024691358,6.128395061728392,5:59:33,2016-09-07T5:59:33
37,7.0,2016-09-08,35.65372575,-88.814045375,26.487499999999997,6.33,1:35:20,2016-09-08T1:35:20
38,8.0,2016-09-03,36.2622829,-85.8546886,20.720000000000002,6.895999999999998,6:12:16,2016-09-03T6:12:16
39,8.0,2016-09-04,37.28218933333333,-93.22524700000001,24.166666666666668,5.7299999999999995,13:49:54,2016-09-04T13:49:54
40,8.0,2016-09-05,35.1772705,-82.4226065,27.816666666666666,8.108333333333333,13:52:50,2016-09-05T13:52:50
41,8.0,2016-09-06,36.15428766666667,-96.20165983333334,23.666666666666668,5.56,11:36:14,2016-09-06T11:36:14
42,8.0,2016-09-07,28.1397915,-94.0517985,27.6,7.62,1:57:52,2016-09-07T1:57:52
43,8.0,2016-09-08,30.145731,-89.86150699999997,26.9,6.1,1:15:03,2016-09-08T1:15:03
44,9.0,2016-09-03,34.008321,-118.498485,18.5,9.84,2:30:03,2016-09-03T2:30:03
45,9.0,2016-09-04,47.182245,-122.01708,15.8,5.71,2:04:17,2016-09-04T2:04:17
46,9.0,2016-09-06,30.042344,-90.235716,25.5,2.36,6:21:10,2016-09-06T6:21:10
47,9.0,2016-09-07,33.698037,-78.871217,24.2,8.06,3:57:52,2016-09-07T3:57:52
48,10.0,2016-09-02,38.158068163265305,-87.72839559183673,24.483673469387753,7.478775510204081,22:44:18,2016-09-02T22:44:18
49,10.0,2016-09-03,38.136659093220366,-88.96828441694919,21.43610169491527,6.5133220338983175,10:55:58,2016-09-03T10:55:58
50,10.0,2016-09-04,38.32931976243093,-87.39709080662989,22.31528545119703,5.949558011049725,11:40:31,2016-09-04T11:40:31
51,10.0,2016-09-05,37.89219811786147,-87.08113977035238,23.173997569866323,6.006719319562554,12:13:28,2016-09-05T12:13:28
52,10.0,2016-09-06,37.05726189209535,-87.72543018946045,25.173023839397697,6.819573400250918,12:31:48,2016-09-06T12:31:48
53,10.0,2016-09-07,37.65331993438913,-88.12481410859725,24.997511312217195,6.472466063348419,7:57:55,2016-09-07T7:57:55
54,10.0,2016-09-08,37.23919023255812,-88.44737034883721,25.127906976744196,6.438372093023253,1:36:18,2016-09-08T1:36:18
55,11.0,2016-09-02,38.390215,-92.001194,25.58,7.787999999999999,22:33:26,2016-09-02T22:33:26
56,11.0,2016-09-03,37.8583315945946,-86.05266145945944,21.359459459459462,6.680270270270269,9:36:05,2016-09-03T9:36:05
57,11.0,2016-09-04,37.56373269444444,-86.62042994444442,22.444444444444454,5.34111111111111,12:13:37,2016-09-04T12:13:37
58,11.0,2016-09-05,39.65157255932201,-86.06262581355934,21.488135593220342,5.8503389830508485,13:11:50,2016-09-05T13:11:50
59,11.0,2016-09-06,36.494680205128205,-90.436113,25.99999999999999,7.541282051282051,12:53:56,2016-09-06T12:53:56
60,11.0,2016-09-07,37.82797410526316,-84.27835357894737,23.799999999999997,5.2678947368421065,5:53:19,2016-09-07T5:53:19
61,11.0,2016-09-08,39.423982,-90.60054116666667,25.266666666666666,8.405000000000001,1:36:52,2016-09-08T1:36:52
62,12.0,2016-09-03,38.939875916666665,-87.69787000000001,21.516666666666666,7.6475,13:26:11,2016-09-03T13:26:11
63,12.0,2016-09-04,36.58931611111112,-82.17416877777777,22.866666666666667,6.945555555555556,13:01:00,2016-09-04T13:01:00
64,12.0,2016-09-05,38.575500375000004,-85.995256625,22.275,6.91625,13:35:26,2016-09-05T13:35:26
65,12.0,2016-09-06,38.609930222222225,-88.17093344444444,24.48888888888889,5.29111111111111,7:57:32,2016-09-06T7:57:32
66,12.0,2016-09-07,38.90276,-77.209662,24.2,2.39,3:43:14,2016-09-07T3:43:14
67,12.0,2016-09-08,34.049788,-84.262736,23.8,3.0,2:12:20,2016-09-08T2:12:20
68,13.0,2016-09-02,40.552282160839155,-84.8731837132867,22.772027972027963,7.869020979020977,22:44:04,2016-09-02T22:44:04
69,13.0,2016-09-03,39.15325561059603,-87.09800443377485,20.98761589403967,6.751496688741705,11:45:11,2016-09-03T11:45:11
70,13.0,2016-09-04,38.80800297663554,-87.06433533845136,22.517957276368534,6.033237650200286,12:26:08,2016-09-04T12:26:08
71,13.0,2016-09-05,38.86135664890709,-85.91529463843348,23.203551912568347,6.549795081967224,13:02:16,2016-09-05T13:02:16
72,13.0,2016-09-06,38.13048077897315,-85.75975037065996,25.435599022005015,7.566787286063603,12:52:33,2016-09-06T12:52:33
73,13.0,2016-09-07,38.424985352292005,-86.29128327674042,25.48981324278447,6.416672325976207,8:41:46,2016-09-07T8:41:46
74,13.0,2016-09-08,38.609061136807846,-85.97656529315967,24.911726384364837,7.621530944625407,1:31:44,2016-09-08T1:31:44
75,14.0,2016-09-02,39.5173785,-86.07164374999999,23.2375,6.989999999999998,22:34:37,2016-09-02T22:34:37
76,14.0,2016-09-03,39.05501156043957,-88.29943967032966,20.4956043956044,6.301978021978019,10:09:41,2016-09-03T10:09:41
77,14.0,2016-09-04,38.40148544897958,-87.14609158163265,22.351020408163276,5.499897959183673,12:18:48,2016-09-04T12:18:48
78,14.0,2016-09-05,39.04296922463767,-87.49759107246376,23.069565217391297,6.913115942028989,13:47:00,2016-09-05T13:47:00
79,14.0,2016-09-06,38.77012111811024,-87.23414996850397,24.929133858267722,7.395590551181105,13:19:36,2016-09-06T13:19:36
80,14.0,2016-09-07,37.51412294382021,-86.03839025842694,25.478651685393263,6.502134831460674,9:01:31,2016-09-07T9:01:31
81,14.0,2016-09-08,38.12816192,-84.56180844000001,26.135999999999996,7.8576,1:23:16,2016-09-08T1:23:16
82,15.0,2016-09-02,35.44600399999999,-97.321827,29.3,8.51,22:43:49,2016-09-02T22:43:49
83,15.0,2016-09-03,39.434852,-92.33726891666667,19.066666666666666,8.394999999999998,9:46:02,2016-09-03T9:46:02
84,15.0,2016-09-04,36.97712009999999,-92.2759403,22.950000000000003,4.915000000000001,11:34:09,2016-09-04T11:34:09
85,15.0,2016-09-05,36.991891214285715,-80.51329378571428,24.742857142857144,6.420000000000001,14:45:19,2016-09-05T14:45:19
86,15.0,2016-09-06,37.092159099999996,-84.72376629999998,25.76,7.9495000000000005,14:38:51,2016-09-06T14:38:51
87,15.0,2016-09-07,38.44459708333333,-89.59143625,25.224999999999994,7.482499999999999,8:07:26,2016-09-07T8:07:26
88,15.0,2016-09-08,48.608373,-93.434201,16.4,12.42,1:09:44,2016-09-08T1:09:44
89,16.0,2016-09-02,37.87065679375001,-93.03074880000001,25.35468750000002,7.818218749999995,22:39:59,2016-09-02T22:39:59
90,16.0,2016-09-03,37.07531511550885,-92.35699538745294,22.692380183091224,7.089714593430269,10:55:38,2016-09-03T10:55:38
91,16.0,2016-09-04,37.14816932924061,-92.57284929154737,22.97064534551682,6.486279268989129,11:49:22,2016-09-04T11:49:22
92,16.0,2016-09-05,36.90182016602637,-91.40334138402437,23.517795753286524,6.025439838220503,12:35:33,2016-09-05T12:35:33
93,16.0,2016-09-06,36.23507298609011,-90.92528139426244,25.910041295370917,7.060243425342307,12:59:07,2016-09-06T12:59:07
94,16.0,2016-09-07,36.69943516198704,-91.4167944715623,25.49064074873985,6.486832253419718,7:59:54,2016-09-07T7:59:54
95,16.0,2016-09-08,36.132042527777806,-89.38484601851856,25.667283950617236,7.201620370370366,1:37:57,2016-09-08T1:37:57
96,17.0,2016-09-02,38.40745783333334,-94.08082211111112,22.572222222222223,7.884444444444444,22:27:15,2016-09-02T22:27:15
97,17.0,2016-09-03,37.1459345215311,-92.09498982296653,22.705263157894734,7.59095693779904,10:52:18,2016-09-03T10:52:18
98,17.0,2016-09-04,37.014625076233216,-91.34462984304932,23.052017937219734,6.287668161434981,11:19:55,2016-09-04T11:19:55
99,17.0,2016-09-05,36.56330789610388,-92.79933763636357,24.04448051948057,6.475714285714281,13:02:13,2016-09-05T13:02:13
100,17.0,2016-09-06,36.33027213732394,-89.93943228521121,25.62007042253524,6.9170070422535215,11:55:03,2016-09-06T11:55:03
101,17.0,2016-09-07,36.528139960526325,-89.82387769078946,26.494078947368415,7.029736842105262,9:10:05,2016-09-07T9:10:05
102,17.0,2016-09-08,36.44664216666665,-88.81524647619047,26.314285714285717,7.739285714285715,1:28:38,2016-09-08T1:28:38
103,18.0,2016-09-02,36.57075433333333,-93.63360733333333,27.166666666666668,3.276666666666667,22:47:43,2016-09-02T22:47:43
104,18.0,2016-09-03,35.69607464285714,-88.68914121428573,22.153571428571432,6.90142857142857,8:49:33,2016-09-03T8:49:33
105,18.0,2016-09-04,37.76051334615385,-87.59904111538461,22.39230769230769,6.718076923076922,13:06:21,2016-09-04T13:06:21
106,18.0,2016-09-05,37.589176800000004,-91.35901047500002,22.7075,6.999,11:45:36,2016-09-05T11:45:36
107,18.0,2016-09-06,38.39168174418605,-89.76656216279069,25.3093023255814,7.450232558139536,11:46:36,2016-09-06T11:46:36
108,18.0,2016-09-07,38.49535567741936,-91.17770680645161,24.845161290322572,6.809354838709677,5:58:36,2016-09-07T5:58:36
109,18.0,2016-09-08,34.6849845,-89.990691,27.1,9.8125,1:44:46,2016-09-08T1:44:46
110,19.0,2016-09-02,37.29375660150376,-94.02220017669178,25.518045112781955,8.304586466165416,22:38:04,2016-09-02T22:38:04
111,19.0,2016-09-03,36.61976706218315,-91.35686469820865,23.08104089219323,7.309729638391364,11:13:58,2016-09-03T11:13:58
112,19.0,2016-09-04,36.53788541136288,-90.6205412930599,23.509133405250065,6.437540453074447,12:01:39,2016-09-04T12:01:39
113,19.0,2016-09-05,36.35801093461633,-91.32785751418719,23.859511472983225,6.170750061682809,12:41:12,2016-09-05T12:41:12
114,19.0,2016-09-06,35.590212780574724,-89.79475385964922,26.414797864226053,7.139911009407587,13:10:20,2016-09-06T13:10:20
115,19.0,2016-09-07,36.06159646585467,-90.33814669856454,26.18516746411468,6.781618094823831,8:23:24,2016-09-07T8:23:24
116,19.0,2016-09-08,36.13496623309602,-88.3395780266904,25.960498220640492,7.66261565836298,1:30:24,2016-09-08T1:30:24
117,20.0,2016-09-02,38.0492854,-94.6187748,26.360000000000003,8.056000000000001,22:26:43,2016-09-02T22:26:43
118,20.0,2016-09-03,36.290898044444425,-91.90377089999998,23.365555555555552,7.332777777777775,11:57:17,2016-09-03T11:57:17
119,20.0,2016-09-04,36.71166245652175,-89.99920144565218,23.368478260869576,6.266739130434781,11:30:41,2016-09-04T11:30:41
120,20.0,2016-09-05,36.79309664062499,-90.73160707812502,24.334374999999998,6.4223437500000085,13:33:34,2016-09-05T13:33:34
121,20.0,2016-09-06,34.99038627450981,-88.89539885294118,26.518627450980397,7.248235294117649,14:19:06,2016-09-06T14:19:06
122,20.0,2016-09-07,36.46972998333332,-91.23603869999995,25.74500000000001,6.17183333333333,7:25:59,2016-09-07T7:25:59
123,20.0,2016-09-08,37.217927333333336,-86.46830977777778,24.15555555555555,6.4877777777777785,1:39:19,2016-09-08T1:39:19
124,21.0,2016-09-02,39.15218966197182,-85.80576033802821,23.3845070422535,7.267464788732388,22:50:15,2016-09-02T22:50:15
125,21.0,2016-09-03,38.37237992384518,-90.67067397752814,21.710611735330847,6.980536828963796,11:53:52,2016-09-03T11:53:52
126,21.0,2016-09-04,38.72590028950278,-89.12286375801112,22.154033149171294,6.284784530386757,11:56:24,2016-09-04T11:56:24
127,21.0,2016-09-05,38.07755877505573,-88.73856162880477,22.92353377876757,6.223429844097976,12:29:20,2016-09-05T12:29:20
128,21.0,2016-09-06,37.37903552716864,-88.41908767397535,24.940514775977054,7.226272640610096,12:41:13,2016-09-06T12:41:13
129,21.0,2016-09-07,37.683702036784716,-89.44999743460488,24.927384196185347,6.343092643051767,8:14:26,2016-09-07T8:14:26
130,21.0,2016-09-08,37.78169123888888,-85.75857263888885,24.818333333333324,6.521111111111108,1:33:06,2016-09-08T1:33:06
131,22.0,2016-09-02,38.74346866666667,-80.30815500000001,20.5,7.080000000000001,23:15:27,2016-09-02T23:15:27
132,22.0,2016-09-03,36.965256571428576,-83.58849678571428,22.97857142857143,7.410000000000001,13:39:16,2016-09-03T13:39:16
133,22.0,2016-09-04,39.628965083333334,-92.81245966666667,21.704166666666662,5.983750000000001,13:40:35,2016-09-04T13:40:35
134,22.0,2016-09-05,38.681803795454556,-88.19051895454548,21.745454545454546,6.020454545454545,10:13:52,2016-09-05T10:13:52
135,22.0,2016-09-06,36.98559456666666,-84.43250909999999,26.12666666666667,7.0726666666666675,12:36:33,2016-09-06T12:36:33
136,22.0,2016-09-07,38.63935405555555,-86.68039294444446,25.099999999999994,6.101666666666667,8:54:21,2016-09-07T8:54:21
137,22.0,2016-09-08,36.68635971428572,-80.43654657142858,24.014285714285716,4.95,1:41:55,2016-09-08T1:41:55
138,23.0,2016-09-02,35.52834737931033,-111.44427899999997,28.744827586206906,7.575172413793103,22:45:02,2016-09-02T22:45:02
139,23.0,2016-09-03,33.80620163457331,-108.00991703719907,26.571991247264787,7.364004376367615,8:56:35,2016-09-03T8:56:35
140,23.0,2016-09-04,33.670135527352336,-107.63004395186002,24.971553610503282,8.200371991247264,11:59:48,2016-09-04T11:59:48
141,23.0,2016-09-05,33.876699377742916,-108.7792930768025,24.671943573667754,6.227695924764883,12:04:50,2016-09-05T12:04:50
142,23.0,2016-09-06,33.33697505752212,-110.79996287905601,24.071533923303782,5.328716814159287,10:32:45,2016-09-06T10:32:45
143,23.0,2016-09-07,33.77047547910863,-110.09865445682463,26.44540389972145,7.907158774373279,6:56:26,2016-09-07T6:56:26
144,23.0,2016-09-08,33.52116308620689,-105.96995962068966,25.313793103448276,7.582931034482756,1:50:29,2016-09-08T1:50:29
145,24.0,2016-09-02,36.8033705,-119.80012375,29.125,7.7825,22:10:54,2016-09-02T22:10:54
146,24.0,2016-09-03,35.670514999999995,-110.35397640000001,24.160000000000004,7.340666666666667,6:59:20,2016-09-03T6:59:20
147,24.0,2016-09-04,33.74370347619049,-112.92434742857142,23.252380952380953,8.342857142857145,15:33:12,2016-09-04T15:33:12
148,24.0,2016-09-05,35.512168227272724,-107.01685159090911,24.618181818181814,5.780909090909091,12:42:38,2016-09-05T12:42:38
149,24.0,2016-09-06,33.99062888,-107.27694027999998,24.29599999999999,6.615999999999999,10:42:23,2016-09-06T10:42:23
150,24.0,2016-09-07,34.0785365,-110.37527483333334,24.791666666666668,4.569166666666667,6:35:35,2016-09-07T6:35:35
151,24.0,2016-09-08,33.313665,-112.052621,28.9,7.13,2:06:44,2016-09-08T2:06:44
152,25.0,2016-09-02,32.6728395,-96.4049255,27.28333333333333,10.608333333333333,22:21:16,2016-09-02T22:21:16
153,25.0,2016-09-03,36.62269788888888,-95.80689297777779,23.44444444444445,7.56911111111111,14:22:02,2016-09-03T14:22:02
154,25.0,2016-09-04,36.012482519230765,-98.35557101923078,22.84038461538462,6.596153846153848,14:35:42,2016-09-04T14:35:42
155,25.0,2016-09-05,36.33725292,-101.18222121333335,23.275999999999993,5.6024,10:58:36,2016-09-05T10:58:36
156,25.0,2016-09-06,35.491775521739136,-98.28430760869566,21.817391304347815,5.537608695652174,8:17:15,2016-09-06T8:17:15
157,25.0,2016-09-07,38.14945990740742,-93.57292477777777,26.355555555555558,7.318333333333332,13:25:31,2016-09-07T13:25:31
158,25.0,2016-09-08,35.727194363636364,-103.01506190909093,24.9,7.3945454545454545,1:43:06,2016-09-08T1:43:06
159,26.0,2016-09-02,45.907738,-122.743022,19.9,7.0,23:44:46,2016-09-02T23:44:46
160,26.0,2016-09-03,38.919048333333336,-110.69353966666665,22.866666666666664,8.19,1:09:57,2016-09-03T1:09:57
161,26.0,2016-09-04,35.77942,-78.63911999999998,18.3,5.0,5:47:31,2016-09-04T5:47:31
162,26.0,2016-09-05,38.96761133333334,-93.31420466666664,17.433333333333334,5.376666666666666,3:45:51,2016-09-05T3:45:51
163,26.0,2016-09-06,34.262669,-119.237027,16.6,2.66,3:31:55,2016-09-06T3:31:55
164,27.0,2016-09-02,33.533321388888886,-113.1511811111111,30.70555555555556,8.395,22:47:43,2016-09-02T22:47:43
165,27.0,2016-09-03,32.57000643846153,-108.91312419615382,27.76000000000004,7.255192307692305,8:19:14,2016-09-03T8:19:14
166,27.0,2016-09-04,32.11794668115941,-109.28701014855073,26.004710144927547,9.065942028985512,13:16:07,2016-09-04T13:16:07
167,27.0,2016-09-05,33.19362788109753,-110.6917963932927,25.300000000000015,6.680000000000002,12:41:35,2016-09-05T12:41:35
168,27.0,2016-09-06,32.55574271823203,-111.83994404972384,23.792541436464116,5.574696132596682,9:29:50,2016-09-06T9:29:50
169,27.0,2016-09-07,32.565047813252995,-111.04998305421682,28.89638554216873,8.787289156626512,7:14:24,2016-09-07T7:14:24
170,27.0,2016-09-08,31.194741333333326,-106.43224514814813,27.31111111111111,9.782962962962964,1:49:31,2016-09-08T1:49:31
171,28.0,2016-09-02,34.190541,-118.491551,24.7,6.6,22:17:40,2016-09-02T22:17:40
172,28.0,2016-09-03,31.678329400000003,-108.31705070000001,28.080000000000002,6.5840000000000005,10:30:22,2016-09-03T10:30:22
173,28.0,2016-09-04,30.813541375,-99.73597799999999,24.7125,6.967499999999999,11:25:50,2016-09-04T11:25:50
174,28.0,2016-09-05,33.42262633333333,-115.75681166666668,20.566666666666666,6.486666666666667,14:16:41,2016-09-05T14:16:41
175,28.0,2016-09-06,31.969056692307692,-109.23360076923076,25.892307692307693,6.621538461538463,11:46:01,2016-09-06T11:46:01
176,28.0,2016-09-07,33.2650172,-111.277123,26.54,3.95,6:36:55,2016-09-07T6:36:55
177,29.0,2016-09-02,38.99896100000001,-92.12703920833333,23.6875,7.055,22:40:44,2016-09-02T22:40:44
178,29.0,2016-09-03,37.96735801311479,-91.74499393442625,21.58262295081965,6.917639344262294,9:36:44,2016-09-03T9:36:44
179,29.0,2016-09-04,38.037454575657925,-96.84388806907896,22.258552631578944,6.437796052631576,12:16:36,2016-09-04T12:16:36
180,29.0,2016-09-05,38.414979194444456,-88.60374425925919,22.66527777777778,6.368101851851849,12:20:02,2016-09-05T12:20:02
181,29.0,2016-09-06,37.58791040000001,-95.96302013749995,22.992999999999952,6.603749999999998,11:11:20,2016-09-06T11:11:20
182,29.0,2016-09-07,38.40849088018433,-93.23947905990778,24.3838709677419,6.8119815668202754,7:28:10,2016-09-07T7:28:10
183,29.0,2016-09-08,38.31212924489796,-91.61413024489792,24.338775510204094,6.115510204081632,1:40:25,2016-09-08T1:40:25
184,30.0,2016-09-02,37.212404,-119.698757,31.5,5.11,22:07:02,2016-09-02T22:07:02
185,30.0,2016-09-03,36.60962146153847,-95.19410607692309,22.500000000000004,6.941538461538463,9:57:24,2016-09-03T9:57:24
186,30.0,2016-09-04,38.95991876470588,-103.3979382352941,21.588235294117645,7.005882352941176,14:41:25,2016-09-04T14:41:25
187,30.0,2016-09-05,37.40079936666667,-89.93393926666664,24.716666666666665,6.591666666666667,14:45:25,2016-09-05T14:45:25
188,30.0,2016-09-06,36.177767499999995,-97.39913883333332,23.449999999999992,7.03888888888889,14:49:41,2016-09-06T14:49:41
189,30.0,2016-09-07,39.6206705,-85.4979597,27.310000000000002,5.723000000000001,15:37:47,2016-09-07T15:37:47
190,30.0,2016-09-08,38.423011,-90.412629,30.1,6.73,1:00:24,2016-09-08T1:00:24
191,31.0,2016-09-02,38.540919,-121.500287,31.2,3.14,23:17:01,2016-09-02T23:17:01
192,31.0,2016-09-03,39.73257,-105.158928,15.1,6.15,2:29:18,2016-09-03T2:29:18
193,31.0,2016-09-04,47.185436,-122.015539,15.8,5.71,2:02:10,2016-09-04T2:02:10
194,31.0,2016-09-05,43.394293,-103.5145175,24.1,6.54,20:53:28,2016-09-05T20:53:28
195,31.0,2016-09-06,38.477737,-90.389073,33.0,10.9,16:40:46,2016-09-06T16:40:46
196,31.0,2016-09-08,38.977049,-77.508687,24.4,7.52,0:50:21,2016-09-08T0:50:21
197,32.0,2016-09-02,38.9513444,-89.38370220000002,23.93333333333334,8.075999999999999,22:43:54,2016-09-02T22:43:54
198,32.0,2016-09-03,38.393506696319044,-94.91403213496926,21.430368098159526,7.026134969325158,10:12:04,2016-09-03T10:12:04
199,32.0,2016-09-04,38.24204308668727,-94.21019261919506,22.294427244582042,6.77897832817337,12:51:26,2016-09-04T12:51:26
200,32.0,2016-09-05,38.58611262432916,-87.43005708407871,23.723971377459804,8.207728085867606,14:39:59,2016-09-05T14:39:59
201,32.0,2016-09-06,37.82360753493448,-94.69771662882096,23.034497816593877,6.99901746724891,11:52:34,2016-09-06T11:52:34
202,32.0,2016-09-07,39.18598593518519,-96.134213787037,23.079629629629636,6.991342592592599,7:13:26,2016-09-07T7:13:26
203,32.0,2016-09-08,39.023652625,-92.11918418750003,23.628124999999997,6.11875,1:41:06,2016-09-08T1:41:06
204,33.0,2016-09-02,40.3201165,-83.87800250000001,25.625000000000004,5.7775,22:30:05,2016-09-02T22:30:05
205,33.0,2016-09-03,39.64723630434783,-100.67978547826088,20.03913043478261,6.389565217391303,9:40:48,2016-09-03T9:40:48
206,33.0,2016-09-04,36.643142318181816,-96.79501209090908,23.622727272727275,6.419090909090909,12:41:19,2016-09-04T12:41:19
207,33.0,2016-09-05,38.279639066666654,-92.66643853333332,22.580000000000005,6.465666666666665,9:55:07,2016-09-05T9:55:07
208,33.0,2016-09-06,38.32634274074074,-100.89606637037035,22.299999999999997,5.4474074074074075,10:58:06,2016-09-06T10:58:06
209,33.0,2016-09-07,39.3209368,-87.78548944999999,24.779999999999998,6.6735,8:14:15,2016-09-07T8:14:15
210,33.0,2016-09-08,30.145371,-89.8618,26.9,6.1,1:16:00,2016-09-08T1:16:00
211,34.0,2016-09-03,42.38146150000001,-76.4264315,20.450000000000003,7.23,14:24:06,2016-09-03T14:24:06
212,34.0,2016-09-05,44.350038,-72.744197,13.4,3.0,4:46:13,2016-09-05T4:46:13
213,34.0,2016-09-06,41.1836755,-82.015664,27.65,8.18,19:34:34,2016-09-06T19:34:34
214,35.0,2016-09-02,40.608985,-79.89354643749999,21.9,6.1549999999999985,23:04:48,2016-09-02T23:04:48
215,35.0,2016-09-03,39.694608490476206,-94.41993771904765,21.02571428571428,6.539000000000002,10:30:19,2016-09-03T10:30:19
216,35.0,2016-09-04,39.3227837927461,-94.12057312435233,22.15129533678754,5.9040414507772,13:16:44,2016-09-04T13:16:44
217,35.0,2016-09-05,39.387142456249975,-85.95218276874995,22.858124999999998,6.84021875,12:45:56,2016-09-05T12:45:56
218,35.0,2016-09-06,39.230650608695655,-93.52011539130442,21.179130434782657,6.418869565217397,9:41:02,2016-09-06T9:41:02
219,35.0,2016-09-07,40.95615894642855,-94.68569885714287,23.34107142857144,6.628988095238097,7:39:37,2016-09-07T7:39:37
220,35.0,2016-09-08,40.61341941176471,-96.98830332352938,23.44117647058824,5.765588235294116,1:36:13,2016-09-08T1:36:13
221,36.0,2016-09-03,38.8832831,-88.7350567,23.24,7.333000000000001,10:38:07,2016-09-03T10:38:07
222,36.0,2016-09-04,40.263864,-89.97001,23.25,5.955000000000001,14:24:11,2016-09-04T14:24:11
223,36.0,2016-09-05,40.2618112,-94.57723340000001,17.240000000000002,3.5460000000000003,7:31:10,2016-09-05T7:31:10
224,36.0,2016-09-06,39.33415925,-87.02098275,18.55,6.625,3:51:48,2016-09-06T3:51:48
225,37.0,2016-09-02,37.891726874999996,-113.8783015,26.062499999999996,5.8812500000000005,22:49:09,2016-09-02T22:49:09
226,37.0,2016-09-03,35.92401404545454,-100.58389084090908,24.27045454545454,7.02659090909091,9:15:43,2016-09-03T9:15:43
227,37.0,2016-09-04,35.1629238,-99.52523803333334,25.36,6.705333333333331,14:40:52,2016-09-04T14:40:52
228,37.0,2016-09-05,35.27754792592592,-98.97442354320987,23.235802469135805,7.162345679012344,10:47:17,2016-09-05T10:47:17
229,37.0,2016-09-06,32.73204462500001,-97.11069057500005,24.034999999999986,6.754750000000001,10:47:42,2016-09-06T10:47:42
230,37.0,2016-09-07,34.80230294736844,-105.09163078947371,27.210526315789473,7.892368421052632,6:36:07,2016-09-07T6:36:07
231,37.0,2016-09-08,41.16490957142857,-85.85354464285714,20.96428571428572,6.278571428571429,1:57:15,2016-09-08T1:57:15
232,38.0,2016-09-04,33.314392,-112.053645,35.0,8.97,18:02:59,2016-09-04T18:02:59
233,38.0,2016-09-05,35.82134,-97.03381949999999,21.0,7.040000000000001,11:58:45,2016-09-05T11:58:45
234,38.0,2016-09-06,33.442980666666664,-117.73340933333334,18.433333333333334,3.926666666666667,7:53:45,2016-09-06T7:53:45
235,39.0,2016-09-02,41.88411375,-86.262142,22.1,7.012499999999999,23:05:44,2016-09-02T23:05:44
236,39.0,2016-09-03,39.04718872727273,-89.87427319318182,20.132954545454538,6.758749999999997,10:43:22,2016-09-03T10:43:22
237,39.0,2016-09-04,38.64586254794519,-89.18198069863011,21.58493150684932,5.248219178082191,10:52:47,2016-09-04T10:52:47
238,39.0,2016-09-05,37.816577321428575,-89.04189787500003,23.713392857142857,5.745000000000002,12:57:07,2016-09-05T12:57:07
239,39.0,2016-09-06,37.57041374698796,-90.94100860240965,24.327710843373488,6.983373493975904,12:30:58,2016-09-06T12:30:58
240,39.0,2016-09-07,37.11760313461539,-90.79825901923076,25.805769230769236,7.682307692307689,10:02:10,2016-09-07T10:02:10
241,39.0,2016-09-08,36.792053749999994,-86.3871885,25.599999999999998,7.9825,1:51:52,2016-09-08T1:51:52
242,40.0,2016-09-03,35.448251,-93.460209,26.5,6.46,19:19:13,2016-09-03T19:19:13
243,40.0,2016-09-04,37.431546,-122.169594,14.5,6.47,8:43:08,2016-09-04T8:43:08
244,40.0,2016-09-05,40.007754999999996,-77.06377333333334,18.233333333333334,5.19,5:33:44,2016-09-05T5:33:44
245,40.0,2016-09-06,37.1276675,-89.30719075,28.1,9.285,18:46:30,2016-09-06T18:46:30
246,41.0,2016-09-02,38.0879776,-86.83928877499997,24.369999999999997,7.553,22:48:35,2016-09-02T22:48:35
247,41.0,2016-09-03,37.969625731343285,-92.85881105330505,21.737953091684467,7.006247334754815,10:44:12,2016-09-03T10:44:12
248,41.0,2016-09-04,38.240363159574464,-94.97463257234028,22.4674468085106,6.558702127659576,11:31:23,2016-09-04T11:31:23
249,41.0,2016-09-05,37.54277197790871,-90.87459293667159,22.912518409425623,6.16119293078054,12:54:17,2016-09-05T12:54:17
250,41.0,2016-09-06,36.96698460909089,-94.33770014545453,23.613272727272648,6.679109090909097,11:23:48,2016-09-06T11:23:48
251,41.0,2016-09-07,38.23264388524589,-93.29524726775954,24.48825136612017,6.795300546448085,6:50:02,2016-09-07T6:50:02
252,41.0,2016-09-08,38.2881827878788,-86.6955505909091,24.969696969696972,6.656666666666666,1:44:58,2016-09-08T1:44:58
253,42.0,2016-09-02,36.47834775,-86.8453055,20.974999999999998,10.0725,22:59:36,2016-09-02T22:59:36
254,42.0,2016-09-03,36.45755851515151,-104.30476154545453,22.675757575757583,7.001212121212121,8:43:58,2016-09-03T8:43:58
255,42.0,2016-09-04,36.77207052380952,-97.87203128571429,22.619047619047617,6.280238095238096,9:49:53,2016-09-04T9:49:53
256,42.0,2016-09-05,35.902518159420296,-100.78617907246374,23.385507246376807,6.362318840579712,12:42:14,2016-09-05T12:42:14
257,42.0,2016-09-06,35.71508536734694,-97.57282791836735,23.665306122448975,5.988367346938775,9:44:05,2016-09-06T9:44:05
258,42.0,2016-09-07,35.60098062162162,-97.09148597297295,24.65675675675676,6.419459459459459,5:30:28,2016-09-07T5:30:28
259,42.0,2016-09-08,33.5523975,-103.56630025,25.075000000000003,5.4575000000000005,2:00:49,2016-09-08T2:00:49
260,43.0,2016-09-02,38.6318414375,-87.54848762499998,24.18125,6.901875000000001,22:54:01,2016-09-02T22:54:01
261,43.0,2016-09-03,37.84227262886597,-86.87165523024056,21.218900343642613,6.874467353951885,10:47:59,2016-09-03T10:47:59
262,43.0,2016-09-04,37.899084657142865,-87.2267125265306,22.699183673469374,5.90734693877551,11:17:44,2016-09-04T11:17:44
263,43.0,2016-09-05,38.60310248717948,-83.1291674589744,22.807435897435905,5.967205128205125,12:10:39,2016-09-05T12:10:39
264,43.0,2016-09-06,37.140953925501414,-84.95466634383952,24.48166189111747,6.750573065902574,11:49:06,2016-09-06T11:49:06
265,43.0,2016-09-07,38.170809000000006,-85.7795882072539,24.987564766839352,6.5119170984456005,8:14:39,2016-09-07T8:14:39
266,43.0,2016-09-08,36.68171607317073,-87.16264243902441,26.521951219512196,7.339512195121951,1:33:09,2016-09-08T1:33:09
267,44.0,2016-09-02,40.6997,-82.2090755,23.200000000000003,8.55,22:45:11,2016-09-02T22:45:11
268,44.0,2016-09-03,39.301139142857146,-89.19868578571428,21.871428571428574,6.933571428571429,9:14:54,2016-09-03T9:14:54
269,44.0,2016-09-04,37.0947934375,-81.78846087500001,23.0875,5.56,13:18:08,2016-09-04T13:18:08
270,44.0,2016-09-05,37.807949949999994,-81.35827800000001,23.845,5.324,11:30:06,2016-09-05T11:30:06
271,44.0,2016-09-06,39.02671287500001,-80.11149454166669,24.612499999999994,7.3254166666666665,12:00:55,2016-09-06T12:00:55
272,44.0,2016-09-07,38.64614553846154,-88.73535423076922,25.44615384615385,5.646923076923077,10:01:08,2016-09-07T10:01:08
273,44.0,2016-09-08,31.761888000000006,-84.9194252,25.639999999999997,4.714,2:02:24,2016-09-08T2:02:24
274,45.0,2016-09-03,39.697863,-84.205111,22.5,3.17,1:39:25,2016-09-03T1:39:25
275,45.0,2016-09-05,35.692296,-78.583872,23.7,3.0,22:51:47,2016-09-05T22:51:47
276,45.0,2016-09-06,30.394268,-80.44537050000001,27.5,3.5949999999999998,13:53:08,2016-09-06T13:53:08
277,45.0,2016-09-07,36.052099500000004,-87.89941124999999,27.525,4.75,1:31:43,2016-09-07T1:31:43
278,46.0,2016-09-02,37.53094609677418,-104.51462343548386,28.311290322580632,7.560322580645158,22:44:04,2016-09-02T22:44:04
279,46.0,2016-09-03,36.227233244005646,-99.14538539210157,24.031452750352578,7.22176304654443,10:20:07,2016-09-03T10:20:07
280,46.0,2016-09-04,36.463393584592104,-100.0537357583081,23.054682779456147,7.214169184290026,11:30:24,2016-09-04T11:30:24
281,46.0,2016-09-05,36.71039790298502,-99.55342111833677,23.342217484008504,6.252206823027707,11:58:15,2016-09-05T11:58:15
282,46.0,2016-09-06,35.65503589844684,-98.9376095531659,25.17706093189959,6.178410991636794,11:39:31,2016-09-06T11:39:31
283,46.0,2016-09-07,36.138547506224036,-100.12479767012445,25.426556016597484,6.956991701244823,7:03:54,2016-09-07T7:03:54
284,46.0,2016-09-08,35.933160822429926,-96.35593669158877,25.429906542056084,7.437570093457944,1:42:33,2016-09-08T1:42:33
285,47.0,2016-09-02,36.814438,-119.874424,34.1,5.94,22:36:51,2016-09-02T22:36:51
286,47.0,2016-09-03,37.013607416666666,-92.31848537499998,23.441666666666663,7.192916666666665,10:53:42,2016-09-03T10:53:42
287,47.0,2016-09-04,36.679332259259255,-100.6774324814815,22.15185185185185,6.750740740740741,12:16:20,2016-09-04T12:16:20
288,47.0,2016-09-05,35.51755524137932,-99.30624000000002,25.972413793103453,6.2603448275862075,12:30:16,2016-09-05T12:30:16
289,47.0,2016-09-06,34.32005550000002,-98.38501781818182,26.05454545454546,6.918636363636364,10:33:58,2016-09-06T10:33:58
290,47.0,2016-09-07,35.455747947368415,-105.85796489473684,24.784210526315793,8.561052631578947,8:29:31,2016-09-07T8:29:31
291,47.0,2016-09-08,40.0801,-104.80912,20.7,3.03,2:16:48,2016-09-08T2:16:48
292,48.0,2016-09-02,37.47793098,-91.76660389999999,24.926,8.304599999999999,22:42:37,2016-09-02T22:42:37
293,48.0,2016-09-03,37.30910359125188,-91.87123903318249,22.616440422322782,6.909230769230774,11:07:46,2016-09-03T11:07:46
294,48.0,2016-09-04,37.06154348506397,-91.18137068563307,22.939687055476487,6.045974395448078,11:49:33,2016-09-04T11:49:33
295,48.0,2016-09-05,37.14375093039923,-90.65888571852604,23.816376663254808,6.410982599795272,12:53:46,2016-09-05T12:53:46
296,48.0,2016-09-06,36.211223893478284,-90.86339357065226,25.579891304347793,6.8867826086956345,12:36:06,2016-09-06T12:36:06
297,48.0,2016-09-07,36.73209800843881,-90.28570656962025,25.6369198312236,6.686751054852327,8:01:25,2016-09-07T8:01:25
298,48.0,2016-09-08,36.75050785271319,-87.95402124031008,25.803100775193812,7.252170542635656,1:31:52,2016-09-08T1:31:52
299,49.0,2016-09-03,36.709314409090915,-92.2504072727273,24.4909090909091,7.636818181818182,11:56:32,2016-09-03T11:56:32
300,49.0,2016-09-04,36.025228115384614,-87.86602415384611,23.95384615384615,5.603076923076925,12:24:18,2016-09-04T12:24:18
301,49.0,2016-09-05,34.7394834137931,-92.31550327586204,23.568965517241388,6.862758620689655,13:00:58,2016-09-05T13:00:58
302,49.0,2016-09-06,34.81674268181818,-97.386136,25.84090909090909,6.991818181818181,11:03:33,2016-09-06T11:03:33
303,49.0,2016-09-07,34.06669814285714,-99.7929889285714,26.714285714285715,7.6107142857142875,10:57:15,2016-09-07T10:57:15
304,49.0,2016-09-08,38.1074146,-93.60526060000001,25.53,7.442000000000002,1:23:26,2016-09-08T1:23:26
305,50.0,2016-09-02,35.48197633333333,-107.61319816666666,27.83333333333333,7.074999999999999,22:51:35,2016-09-02T22:51:35
306,50.0,2016-09-03,36.99962642857142,-108.07218945238095,23.70595238095238,7.770000000000002,8:55:28,2016-09-03T8:55:28
307,50.0,2016-09-04,35.94256425882353,-107.75577291764705,22.35529411764706,7.278235294117647,10:40:48,2016-09-04T10:40:48
308,50.0,2016-09-05,35.736184055555576,-108.52225099074076,23.225925925925914,5.863518518518515,12:34:08,2016-09-05T12:34:08
309,50.0,2016-09-06,35.16085287200001,-110.53043544800002,21.077600000000018,5.514480000000001,8:39:04,2016-09-06T8:39:04
310,50.0,2016-09-07,35.51371838596491,-109.4125997017544,25.30526315789474,7.4912280701754375,5:56:48,2016-09-07T5:56:48
311,50.0,2016-09-08,37.926892200000005,-109.82108880000001,23.700000000000003,6.172000000000001,1:18:14,2016-09-08T1:18:14
312,51.0,2016-09-03,39.76711866666667,-105.091347,24.166666666666668,1.9633333333333336,11:22:02,2016-09-03T11:22:02
313,51.0,2016-09-04,34.53332971428571,-110.66634457142857,23.71428571428572,7.768571428571428,13:00:18,2016-09-04T13:00:18
314,51.0,2016-09-05,34.342021,-86.313152,25.1,4.12,1:25:22,2016-09-05T1:25:22
315,51.0,2016-09-06,33.4558145,-117.487592,21.325,6.5475,9:18:18,2016-09-06T9:18:18
316,51.0,2016-09-07,33.755525,-117.9338805,21.9,4.13,13:28:05,2016-09-07T13:28:05
317,52.0,2016-09-02,35.71914699999999,-92.69209515384615,26.653846153846153,6.966153846153846,22:31:21,2016-09-02T22:31:21
318,52.0,2016-09-03,36.06836247761193,-102.52157345522387,24.69328358208955,7.961940298507467,9:48:47,2016-09-03T9:48:47
319,52.0,2016-09-04,36.97890841129031,-101.06692028225808,22.70322580645162,7.052500000000002,11:13:16,2016-09-04T11:13:16
320,52.0,2016-09-05,35.55128414851485,-100.34226968811879,22.999504950495037,6.500148514851487,11:56:03,2016-09-05T11:56:03
321,52.0,2016-09-06,35.008446200000016,-99.61467888484849,24.55636363636364,6.555333333333334,11:59:18,2016-09-06T11:59:18
322,52.0,2016-09-07,35.04315730769231,-104.14600126495728,24.574358974358976,6.982478632478636,8:11:54,2016-09-07T8:11:54
323,52.0,2016-09-08,36.20468042857143,-96.77032528571429,26.219047619047615,7.70857142857143,1:47:04,2016-09-08T1:47:04
324,53.0,2016-09-03,34.56109766666666,-115.19388033333333,29.3,5.596666666666667,5:05:09,2016-09-03T5:05:09
325,53.0,2016-09-04,32.898120399999996,-105.015037,23.86,6.617999999999999,3:25:40,2016-09-04T3:25:40
326,53.0,2016-09-05,34.25905125,-113.44369025,22.625,7.887499999999999,9:58:39,2016-09-05T9:58:39
327,53.0,2016-09-06,29.667597499999996,-103.18168200000001,22.525000000000002,5.1274999999999995,11:32:14,2016-09-06T11:32:14
328,53.0,2016-09-07,36.416097666666666,-94.73766466666666,26.266666666666666,9.770000000000001,8:20:13,2016-09-07T8:20:13
329,53.0,2016-09-08,39.804259,-105.21303600000002,21.2,3.12,1:23:48,2016-09-08T1:23:48
330,54.0,2016-09-02,38.229810533333335,-83.8603148,24.026666666666674,8.922666666666666,22:38:17,2016-09-02T22:38:17
331,54.0,2016-09-03,36.31042535251801,-89.61823183453238,22.555035971223056,6.952194244604313,10:50:00,2016-09-03T10:50:00
332,54.0,2016-09-04,36.579975895953744,-91.23877152601153,22.728612716762985,6.062774566473979,12:05:29,2016-09-04T12:05:29
333,54.0,2016-09-05,36.35262453424659,-93.43863548767119,23.16191780821922,6.454739726027392,12:46:54,2016-09-05T12:46:54
334,54.0,2016-09-06,34.8726326,-90.28705062089549,24.62776119402989,6.775552238805977,11:42:27,2016-09-06T11:42:27
335,54.0,2016-09-07,36.68935909202454,-92.02502835582824,24.71349693251536,8.247361963190183,6:06:47,2016-09-07T6:06:47
336,54.0,2016-09-08,34.692451282608694,-82.99372763043479,26.073913043478257,6.822826086956522,1:50:01,2016-09-08T1:50:01
337,55.0,2016-09-03,36.679872833333334,-82.06732433333335,19.650000000000002,5.678333333333334,6:39:16,2016-09-03T6:39:16
338,55.0,2016-09-04,38.33051927272727,-89.27673290909091,22.336363636363636,5.457272727272726,12:29:24,2016-09-04T12:29:24
339,55.0,2016-09-05,34.50330485714286,-85.3417002142857,23.47142857142857,6.754285714285715,12:03:07,2016-09-05T12:03:07
340,55.0,2016-09-06,32.4291173,-88.32059869999999,28.080000000000002,6.567,12:47:41,2016-09-06T12:47:41
341,55.0,2016-09-07,41.75866966666666,-105.35280399999999,24.36666666666667,8.183333333333334,14:53:51,2016-09-07T14:53:51
342,55.0,2016-09-08,33.693071,-78.87732,27.3,12.04,0:54:16,2016-09-08T0:54:16
343,56.0,2016-09-02,35.910520294117646,-114.35911688235295,29.123529411764704,8.278823529411763,22:40:08,2016-09-02T22:40:08
344,56.0,2016-09-03,34.922108132075486,-109.30908340377358,26.159622641509458,7.599622641509433,8:21:48,2016-09-03T8:21:48
345,56.0,2016-09-04,34.88227853543307,-108.67019238582682,24.54055118110235,8.631377952755905,11:32:03,2016-09-04T11:32:03
346,56.0,2016-09-05,34.19477372479567,-107.48413204904632,24.82397820163494,6.289891008174389,13:14:42,2016-09-05T13:14:42
347,56.0,2016-09-06,34.443576608280246,-110.92877228662434,23.74171974522297,5.902452229299369,10:43:38,2016-09-06T10:43:38
348,56.0,2016-09-07,34.871462614942516,-110.22527362643673,26.102298850574723,8.112701149425288,6:51:17,2016-09-07T6:51:17
349,56.0,2016-09-08,34.51762178125,-106.69580871875,25.171875000000004,6.799687500000001,1:57:09,2016-09-08T1:57:09
350,57.0,2016-09-02,42.194666999999995,-111.8938945,28.5,14.195,22:52:25,2016-09-02T22:52:25
351,57.0,2016-09-03,35.545852000000004,-108.23281833333334,29.900000000000002,6.8388888888888895,11:26:20,2016-09-03T11:26:20
352,57.0,2016-09-04,33.25918945454546,-108.47135836363636,25.572727272727267,7.047272727272727,10:30:26,2016-09-04T10:30:26
353,57.0,2016-09-05,35.37712409090909,-107.019907,22.363636363636363,6.213636363636363,10:40:02,2016-09-05T10:40:02
354,57.0,2016-09-06,35.82680369999999,-110.3159242,26.759999999999998,6.806,10:24:07,2016-09-06T10:24:07
355,57.0,2016-09-07,34.712003375,-113.04408637499999,28.375,7.732500000000001,7:47:30,2016-09-07T7:47:30
356,57.0,2016-09-08,33.614044,-111.70636299999998,30.1,10.36,1:13:14,2016-09-08T1:13:14
357,58.0,2016-09-02,35.8667776,-111.43292833333335,29.096666666666675,8.351666666666667,22:41:22,2016-09-02T22:41:22
358,58.0,2016-09-03,34.01898730357144,-109.56176008482142,27.144642857142884,7.4262053571428535,9:10:20,2016-09-03T9:10:20
359,58.0,2016-09-04,33.83167051162791,-109.47610300930229,24.611162790697698,8.244976744186054,11:45:44,2016-09-04T11:45:44
360,58.0,2016-09-05,34.035282326530606,-108.45538778571431,24.590136054421787,6.221564625850345,12:00:57,2016-09-05T12:00:57
361,58.0,2016-09-06,34.17387764383564,-110.9730482260274,23.744178082191805,5.557945205479459,11:05:44,2016-09-06T11:05:44
362,58.0,2016-09-07,34.187110012500014,-111.06803565625,27.34125000000002,8.4509375,7:05:52,2016-09-07T7:05:52
363,58.0,2016-09-08,34.68321988461538,-105.04980011538461,24.52692307692307,7.038461538461539,2:00:37,2016-09-08T2:00:37
364,59.0,2016-09-03,35.672975,-106.85596885714287,23.685714285714283,10.05285714285714,16:40:31,2016-09-03T16:40:31
365,59.0,2016-09-04,35.371876666666665,-94.90832066666667,22.233333333333334,10.176666666666668,8:04:32,2016-09-04T8:04:32
366,59.0,2016-09-05,34.63514571428571,-104.33329400000001,23.128571428571426,6.075714285714286,9:07:19,2016-09-05T9:07:19
367,59.0,2016-09-06,33.239338,-116.13446525,23.275,5.5625,10:58:46,2016-09-06T10:58:46
368,59.0,2016-09-07,33.19631033333334,-105.04212866666667,28.666666666666668,5.78,2:36:02,2016-09-07T2:36:02
369,59.0,2016-09-08,34.052933,-118.244028,20.1,5.51,2:31:09,2016-09-08T2:31:09
370,60.0,2016-09-02,37.9013255,-83.22883028571427,24.521428571428572,6.844999999999999,22:44:29,2016-09-02T22:44:29
371,60.0,2016-09-03,36.81190011555556,-89.35002622222227,21.98311111111111,7.457644444444442,9:33:03,2016-09-03T9:33:03
372,60.0,2016-09-04,36.650563094017095,-89.87848264529924,22.97521367521366,6.466623931623926,11:41:05,2016-09-04T11:41:05
373,60.0,2016-09-05,36.51869746441949,-90.42860046067416,24.18539325842698,6.683895131086148,12:47:06,2016-09-05T12:47:06
374,60.0,2016-09-06,34.14632461960785,-90.00565205490192,26.328627450980417,7.307019607843133,12:54:34,2016-09-06T12:54:34
375,60.0,2016-09-07,36.77702541666665,-91.52546327976191,25.79285714285712,8.046190476190471,7:28:19,2016-09-07T7:28:19
376,60.0,2016-09-08,34.696501432432434,-87.2839052162162,26.008108108108104,6.25972972972973,1:29:24,2016-09-08T1:29:24
377,61.0,2016-09-03,37.79364907142857,-82.10316307142857,21.514285714285712,6.927142857142856,9:47:32,2016-09-03T9:47:32
378,61.0,2016-09-04,35.2121973125,-90.9941688125,23.46875,6.2368749999999995,9:29:32,2016-09-04T9:29:32
379,61.0,2016-09-05,35.0267177857143,-82.46606514285715,23.471428571428568,5.422857142857143,11:44:52,2016-09-05T11:44:52
380,61.0,2016-09-06,35.17213266666666,-91.04336020000001,24.92,7.390666666666667,14:00:51,2016-09-06T14:00:51
381,61.0,2016-09-07,35.99040066666667,-92.90831873333332,28.180000000000003,11.340666666666667,9:25:31,2016-09-07T9:25:31
382,61.0,2016-09-08,41.891221,-87.604559,29.6,15.72,0:35:12,2016-09-08T0:35:12
383,62.0,2016-09-03,42.924376,-70.799778,16.6,5.6,12:40:42,2016-09-03T12:40:42
384,62.0,2016-09-06,32.41468066666667,-91.24703233333332,28.133333333333336,6.086666666666667,10:56:51,2016-09-06T10:56:51
385,62.0,2016-09-07,38.903155,-77.204542,24.2,2.39,4:01:52,2016-09-07T4:01:52
386,62.0,2016-09-08,30.041169,-90.236669,27.4,3.36,2:28:17,2016-09-08T2:28:17
387,63.0,2016-09-02,35.914665,-107.94323357142856,29.82857142857143,7.638571428571429,22:52:50,2016-09-02T22:52:50
388,63.0,2016-09-03,35.23319099462366,-104.24050466666668,25.820430107526903,7.781612903225798,10:55:09,2016-09-03T10:55:09
389,63.0,2016-09-04,34.64062099999998,-104.19973794666666,24.1,7.458,12:11:13,2016-09-04T12:11:13
390,63.0,2016-09-05,34.77520100515465,-101.8710482886598,24.899484536082475,6.02479381443299,12:33:25,2016-09-05T12:33:25
391,63.0,2016-09-06,33.93790296629215,-103.59737801685397,24.486516853932606,5.765337078651687,10:34:48,2016-09-06T10:34:48
392,63.0,2016-09-07,34.72040884269664,-104.67275131460674,26.902247191011238,7.443033707865166,9:19:01,2016-09-07T9:19:01
393,63.0,2016-09-08,34.050502695652185,-102.5127947826087,25.678260869565218,7.056521739130435,2:00:24,2016-09-08T2:00:24
394,64.0,2016-09-02,34.860209999999995,-97.83801550000001,25.15,7.135,23:13:19,2016-09-02T23:13:19
395,64.0,2016-09-03,34.9574273,-108.65707210000001,26.45,6.075999999999999,11:53:21,2016-09-03T11:53:21
396,64.0,2016-09-04,35.460812499999996,-99.53364635714287,26.41428571428571,7.102142857142856,10:52:14,2016-09-04T10:52:14
397,64.0,2016-09-05,35.1346224375,-105.2013925625,25.362500000000008,6.341875,15:14:19,2016-09-05T15:14:19
398,64.0,2016-09-06,35.36051530769231,-100.3166029230769,22.938461538461542,6.430769230769231,7:41:25,2016-09-06T7:41:25
399,64.0,2016-09-07,38.437619250000004,-99.17481075000002,25.85,6.33,3:41:13,2016-09-07T3:41:13
400,64.0,2016-09-08,41.7271225,-88.2558525,24.3,10.27,1:15:05,2016-09-08T1:15:05
401,65.0,2016-09-05,47.826888,-117.596629,14.1,2.63,3:50:37,2016-09-05T3:50:37
402,65.0,2016-09-06,36.76221150000001,-97.6464125,25.85,12.344999999999999,7:45:56,2016-09-06T7:45:56
403,65.0,2016-09-07,33.296227,-112.056253,32.3,12.96,4:20:21,2016-09-07T4:20:21
404,66.0,2016-09-02,47.703504,-122.624422,17.9,8.15,22:28:47,2016-09-02T22:28:47
405,66.0,2016-09-03,34.92443025806452,-110.03822361290322,23.196774193548396,8.204516129032259,10:24:23,2016-09-03T10:24:23
406,66.0,2016-09-04,36.65717745762712,-99.71507206779663,22.849152542372885,7.500508474576268,11:36:44,2016-09-04T11:36:44
407,66.0,2016-09-05,35.46572177083333,-104.59637758333331,22.035416666666666,6.500624999999999,15:31:25,2016-09-05T15:31:25
408,66.0,2016-09-06,34.88665690277778,-107.40196079166668,20.89166666666665,5.504444444444444,9:41:25,2016-09-06T9:41:25
409,66.0,2016-09-07,36.561869413793104,-102.9040584137931,22.11724137931034,8.018275862068966,6:09:30,2016-09-07T6:09:30
410,66.0,2016-09-08,28.776897666666667,-92.90000133333332,27.599999999999998,5.993333333333333,2:43:34,2016-09-08T2:43:34
411,67.0,2016-09-04,38.6978965,-114.33378775,23.075,6.7325,8:13:44,2016-09-04T8:13:44
412,67.0,2016-09-05,39.546822,-110.27949,24.05,6.800000000000001,11:55:21,2016-09-05T11:55:21
413,67.0,2016-09-06,33.74149333333333,-104.38459266666666,20.883333333333336,3.9866666666666664,5:44:15,2016-09-06T5:44:15
414,67.0,2016-09-07,34.176075499999996,-118.577701,20.6,5.665,3:58:44,2016-09-07T3:58:44
415,69.0,2016-09-02,41.4324953,-85.98115620000002,21.730000000000004,6.943,22:46:43,2016-09-02T22:46:43
416,69.0,2016-09-03,38.63667449180329,-86.07715659016398,21.48442622950823,6.587131147540979,11:18:37,2016-09-03T11:18:37
417,69.0,2016-09-04,38.5753118875969,-87.03390458139539,22.207364341085245,6.015775193798448,12:11:45,2016-09-04T12:11:45
418,69.0,2016-09-05,38.11727022562674,-83.12428526462392,23.353203342618404,5.972618384401105,13:00:24,2016-09-05T13:00:24
419,69.0,2016-09-06,37.23746649112427,-86.2456802426036,25.706508875739637,6.922633136094675,13:17:58,2016-09-06T13:17:58
420,69.0,2016-09-07,38.582471952380956,-87.05532479365078,25.311640211640206,6.853968253968258,8:14:00,2016-09-07T8:14:00
421,69.0,2016-09-08,37.054291114285725,-83.17275977142855,25.717142857142854,6.371714285714286,1:26:14,2016-09-08T1:26:14
422,70.0,2016-09-02,42.802375999999995,-83.99050249999999,23.65,7.17,23:15:35,2016-09-02T23:15:35
423,70.0,2016-09-03,38.840688625000006,-95.17077112499999,20.4625,7.538125000000001,10:58:22,2016-09-03T10:58:22
424,70.0,2016-09-04,38.14596884615385,-81.63948315384616,22.053846153846152,4.096923076923077,11:49:19,2016-09-04T11:49:19
425,70.0,2016-09-05,38.07852818749999,-86.05015175000001,23.481250000000003,6.178125,15:11:33,2016-09-05T15:11:33
426,70.0,2016-09-06,36.20198575000001,-84.61479390000002,25.69000000000001,7.066,13:12:01,2016-09-06T13:12:01
427,70.0,2016-09-07,33.935895555555554,-83.65697444444444,26.8,6.828888888888888,6:03:58,2016-09-07T6:03:58
428,70.0,2016-09-08,41.072705,-81.469651,28.3,7.84,1:05:03,2016-09-08T1:05:03
429,71.0,2016-09-03,39.92039533333333,-79.233605,20.333333333333332,5.736666666666667,15:43:19,2016-09-03T15:43:19
430,71.0,2016-09-04,42.878097,-73.908839,21.4,5.99,23:58:34,2016-09-04T23:58:34
431,71.0,2016-09-05,38.4482955,-76.93883000000001,25.05,8.52,18:33:20,2016-09-05T18:33:20
432,71.0,2016-09-06,47.198452,-122.001228,14.0,4.41,6:54:52,2016-09-06T6:54:52
433,72.0,2016-09-02,37.3800545,-99.060948,23.200000000000003,8.543333333333333,22:27:03,2016-09-02T22:27:03
434,72.0,2016-09-03,33.73286863529411,-91.15990175294117,22.599999999999987,6.556705882352942,10:14:51,2016-09-03T10:14:51
435,72.0,2016-09-04,37.12192023913044,-104.11563291304341,20.41739130434783,6.715869565217394,13:12:30,2016-09-04T13:12:30
436,72.0,2016-09-05,35.20085012903227,-92.40062380645165,23.745161290322574,6.427419354838708,11:46:22,2016-09-05T11:46:22
437,72.0,2016-09-06,33.59322672093023,-93.8613727906977,23.712790697674418,8.086511627906976,12:49:52,2016-09-06T12:49:52
438,72.0,2016-09-07,34.268980966101715,-94.37357550847456,24.972881355932188,9.3035593220339,5:44:58,2016-09-07T5:44:58
439,72.0,2016-09-08,32.083588000000006,-88.26099757142858,27.82857142857143,6.981428571428572,1:56:29,2016-09-08T1:56:29
440,73.0,2016-09-03,35.6786965,-97.33038,23.325,4.115,7:32:59,2016-09-03T7:32:59
441,73.0,2016-09-04,36.26411983333334,-84.98371233333333,23.066666666666666,6.773333333333333,9:18:39,2016-09-04T9:18:39
442,73.0,2016-09-05,40.051332916666674,-100.10476516666665,19.233333333333338,4.7683333333333335,10:56:26,2016-09-05T10:56:26
443,73.0,2016-09-06,33.0914594,-88.25474349999999,26.52,6.931,11:47:36,2016-09-06T11:47:36
444,73.0,2016-09-07,36.068655142857146,-90.79513457142858,27.285714285714285,9.557142857142859,5:49:00,2016-09-07T5:49:00
445,73.0,2016-09-08,28.383132,-81.505935,24.7,6.43,2:21:19,2016-09-08T2:21:19
446,74.0,2016-09-02,35.49139709090909,-111.0949985909091,28.53181818181819,7.9363636363636365,22:39:11,2016-09-02T22:39:11
447,74.0,2016-09-03,34.76028066163143,-109.63458190030212,26.880664652568008,7.750483383685792,9:17:52,2016-09-03T9:17:52
448,74.0,2016-09-04,34.35941099099098,-109.27334050450452,24.36366366366365,8.5275975975976,11:51:11,2016-09-04T11:51:11
449,74.0,2016-09-05,34.61487645945945,-109.25705164054051,24.450540540540608,7.151864864864868,12:43:24,2016-09-05T12:43:24
450,74.0,2016-09-06,34.01499081773399,-110.60376648029552,23.4044334975369,6.275098522167483,9:53:53,2016-09-06T9:53:53
451,74.0,2016-09-07,34.52940279565217,-109.97007506086956,27.244782608695647,8.499043478260873,7:30:58,2016-09-07T7:30:58
452,74.0,2016-09-08,34.50631597222221,-107.78056627777778,24.749999999999996,6.641111111111114,2:01:13,2016-09-08T2:01:13
453,75.0,2016-09-02,26.233517500000005,-98.19677949999999,25.6,3.97,22:25:04,2016-09-02T22:25:04
454,75.0,2016-09-03,33.31954605882353,-109.96963052941177,26.423529411764704,6.902352941176471,10:13:14,2016-09-03T10:13:14
455,75.0,2016-09-04,35.71722347368421,-108.05170784210524,24.647368421052636,6.958947368421053,9:28:58,2016-09-04T9:28:58
456,75.0,2016-09-05,35.0385397,-108.69789575,24.17,7.315999999999998,12:19:15,2016-09-05T12:19:15
457,75.0,2016-09-06,34.76730328571429,-109.73961982142853,22.64285714285714,5.012142857142857,8:40:54,2016-09-06T8:40:54
458,75.0,2016-09-07,34.744128153846155,-115.55712707692311,23.61538461538462,8.203076923076923,6:15:01,2016-09-07T6:15:01
459,75.0,2016-09-08,33.020198,-101.70572200000001,24.6,7.1899999999999995,2:50:41,2016-09-08T2:50:41
460,76.0,2016-09-03,36.01394560000001,-112.9036634,24.36,8.77,11:39:08,2016-09-03T11:39:08
461,76.0,2016-09-04,34.4525535,-99.9879135,27.675,7.1675,11:42:29,2016-09-04T11:42:29
462,76.0,2016-09-05,32.95943666666667,-93.04697733333334,22.53333333333333,3.3733333333333335,12:54:10,2016-09-05T12:54:10
463,76.0,2016-09-06,34.06618775,-115.4450065,25.875,5.0575,8:16:32,2016-09-06T8:16:32
464,77.0,2016-09-02,38.196310555555556,-102.21037466666668,28.38888888888889,5.703333333333333,22:42:55,2016-09-02T22:42:55
465,77.0,2016-09-03,35.62968420000001,-107.61923847096777,25.475483870967757,8.339290322580647,9:40:57,2016-09-03T9:40:57
466,77.0,2016-09-04,35.82070776086956,-104.01804928985506,23.555072463768145,7.919637681159421,11:38:26,2016-09-04T11:38:26
467,77.0,2016-09-05,36.011595008403354,-107.9900874201681,22.96134453781513,7.4570588235294135,11:48:13,2016-09-05T11:48:13
468,77.0,2016-09-06,34.354544546012285,-107.7519831288343,23.136196319018428,6.071411042944788,9:09:06,2016-09-06T9:09:06
469,77.0,2016-09-07,35.91272795238095,-107.97462024761904,25.504761904761907,9.445523809523817,6:35:15,2016-09-07T6:35:15
470,77.0,2016-09-08,36.45240038888889,-104.83392333333333,24.53888888888888,5.402777777777779,2:02:05,2016-09-08T2:02:05
471,78.0,2016-09-03,36.3257868,-113.0677034,25.3,5.808,10:40:32,2016-09-03T10:40:32
472,78.0,2016-09-04,35.30882166666667,-105.55844983333333,24.28333333333333,7.201666666666665,15:54:08,2016-09-04T15:54:08
473,78.0,2016-09-05,37.14683471428572,-103.30053428571429,19.428571428571427,7.321428571428571,8:37:40,2016-09-05T8:37:40
474,78.0,2016-09-06,34.635480428571434,-112.35654357142857,22.457142857142856,4.061428571428571,8:00:37,2016-09-06T8:00:37
475,78.0,2016-09-07,29.714979500000002,-104.618287,31.049999999999997,13.64,2:40:17,2016-09-07T2:40:17
476,79.0,2016-09-02,35.97775557142857,-83.954835,25.585714285714293,7.637857142857144,22:41:52,2016-09-02T22:41:52
477,79.0,2016-09-03,37.48174793103451,-87.7623134913793,22.066379310344814,6.741206896551723,9:51:48,2016-09-03T9:51:48
478,79.0,2016-09-04,36.70608090209787,-86.75523997202805,23.299300699300712,5.919860139860141,11:16:52,2016-09-04T11:16:52
479,79.0,2016-09-05,36.372340044554434,-91.59481306930692,23.84405940594061,6.4520297029703,13:59:16,2016-09-05T13:59:16
480,79.0,2016-09-06,34.605049723076924,-88.40828641538464,25.44307692307693,6.678384615384609,11:36:15,2016-09-06T11:36:15
481,79.0,2016-09-07,37.214245919999996,-89.18719344000002,25.949333333333342,8.274399999999998,7:57:24,2016-09-07T7:57:24
482,79.0,2016-09-08,35.90413894444444,-84.10095911111111,25.90555555555556,7.04111111111111,1:33:32,2016-09-08T1:33:32
483,80.0,2016-09-03,33.012492333333334,-85.875836,26.899999999999995,6.91,15:03:09,2016-09-03T15:03:09
484,80.0,2016-09-04,30.04252,-90.238136,28.8,5.34,15:36:14,2016-09-04T15:36:14
485,80.0,2016-09-05,38.9486766,-91.110442,22.860000000000003,5.7,15:31:40,2016-09-05T15:31:40
486,80.0,2016-09-06,35.22695433333334,-93.41254644444444,23.12222222222222,5.771111111111112,8:01:34,2016-09-06T8:01:34
487,80.0,2016-09-07,41.888884,-87.607722,31.8,17.23,21:08:04,2016-09-07T21:08:04
488,80.0,2016-09-08,33.897208,-79.4566315,24.65,6.744999999999999,1:41:19,2016-09-08T1:41:19
489,81.0,2016-09-02,41.624274,-70.90215400000002,22.0,9.53,22:35:25,2016-09-02T22:35:25
490,81.0,2016-09-03,38.2353422,-88.02764650000002,23.11749999999999,9.58,11:43:45,2016-09-03T11:43:45
491,81.0,2016-09-04,38.99004472631581,-85.18026370526316,22.896842105263172,9.085368421052635,11:25:41,2016-09-04T11:25:41
492,81.0,2016-09-05,35.94368680821919,-89.88487172602738,23.33287671232877,7.656575342465751,11:39:27,2016-09-05T11:39:27
493,81.0,2016-09-06,31.54446304444444,-85.12960775555553,25.026666666666664,7.266777777777775,11:36:59,2016-09-06T11:36:59
494,81.0,2016-09-07,36.049551217391304,-95.56822350000002,24.373913043478268,10.853695652173913,5:53:23,2016-09-07T5:53:23
495,81.0,2016-09-08,39.29352185714286,-87.56249442857143,27.4,11.492857142857144,1:21:29,2016-09-08T1:21:29
496,82.0,2016-09-03,40.275752,-111.679906,29.2,14.65,17:02:40,2016-09-03T17:02:40
497,82.0,2016-09-04,40.648736,-73.153262,23.0,9.69,22:23:55,2016-09-04T22:23:55
498,82.0,2016-09-05,39.315818,-74.531269,19.4,2.73,2:26:09,2016-09-05T2:26:09
499,82.0,2016-09-06,34.035309999999996,-84.14072320000001,22.059999999999995,12.544,12:28:08,2016-09-06T12:28:08
500,82.0,2016-09-07,36.62321,-90.78859833333333,31.133333333333336,16.26,14:53:55,2016-09-07T14:53:55
501,82.0,2016-09-08,41.724499,-88.252088,24.2,10.27,2:21:15,2016-09-08T2:21:15
502,84.0,2016-09-02,35.479324454545456,-106.9984098181818,26.75454545454545,7.324545454545455,22:28:48,2016-09-02T22:28:48
503,84.0,2016-09-03,34.13811566,-105.94874114000002,25.389999999999986,6.005999999999999,10:52:05,2016-09-03T10:52:05
504,84.0,2016-09-04,33.05969990566037,-104.4862558867924,25.375471698113206,7.505849056603773,12:34:29,2016-09-04T12:34:29
505,84.0,2016-09-05,32.75075338666667,-103.49059274666666,23.912000000000003,5.808666666666665,10:47:40,2016-09-05T10:47:40
506,84.0,2016-09-06,32.95526248979591,-107.50505791836741,24.587755102040806,6.280510204081635,9:50:41,2016-09-06T9:50:41
507,84.0,2016-09-07,34.00943235,-105.78110355000001,28.835,8.4555,13:23:20,2016-09-07T13:23:20
508,84.0,2016-09-08,32.820938375,-103.07576875,28.925,8.89875,1:28:16,2016-09-08T1:28:16
509,85.0,2016-09-02,39.940495,-75.159235,24.6,5.46,22:33:52,2016-09-02T22:33:52
510,85.0,2016-09-03,33.052534,-94.92925657142858,26.40714285714285,7.385714285714286,13:35:39,2016-09-03T13:35:39
511,85.0,2016-09-04,32.774833666666666,-95.7741775,26.375,6.610000000000002,10:09:23,2016-09-04T10:09:23
512,85.0,2016-09-05,35.399925,-90.71270658333333,26.433333333333337,10.591666666666667,13:56:30,2016-09-05T13:56:30
513,85.0,2016-09-06,31.059245095238094,-93.39973595238096,27.804761904761897,5.546190476190477,12:27:44,2016-09-06T12:27:44
514,85.0,2016-09-07,33.3005521,-94.647007,26.229999999999997,7.391,8:17:29,2016-09-07T8:17:29
515,85.0,2016-09-08,32.392843,-91.17892133333334,27.233333333333334,5.890000000000001,1:53:20,2016-09-08T1:53:20
516,86.0,2016-09-02,34.188111000000006,-118.48884433333332,24.7,6.599999999999999,22:17:40,2016-09-02T22:17:40
517,86.0,2016-09-03,38.896765913043474,-84.57935430434783,21.565217391304348,7.392608695652175,11:12:11,2016-09-03T11:12:11
518,86.0,2016-09-04,38.29256984999999,-85.51909604999999,22.58,6.135,14:13:31,2016-09-04T14:13:31
519,86.0,2016-09-05,38.408084900000006,-85.82921447499999,22.0425,5.485249999999999,11:44:43,2016-09-05T11:44:43
520,86.0,2016-09-06,36.26651828571429,-89.0130967142857,21.968571428571426,5.455714285714286,8:26:02,2016-09-06T8:26:02
521,86.0,2016-09-07,41.156637476190475,-85.1904144761905,22.95238095238095,7.9785714285714295,8:08:17,2016-09-07T8:08:17
522,86.0,2016-09-08,37.518112200000004,-86.68914459999999,27.76,9.706,0:56:23,2016-09-08T0:56:23
523,87.0,2016-09-07,26.13234,-97.167536,29.8,14.32,0:59:08,2016-09-07T0:59:08
524,88.0,2016-09-03,34.44613385714286,-100.07184285714287,26.885714285714283,7.442857142857142,14:26:17,2016-09-03T14:26:17
525,88.0,2016-09-04,33.498937000000005,-98.46764066666667,30.833333333333332,6.033333333333332,14:40:43,2016-09-04T14:40:43
526,88.0,2016-09-05,32.438142444444445,-86.75920833333333,24.900000000000002,4.902222222222223,9:19:47,2016-09-05T9:19:47
527,88.0,2016-09-06,33.795998299999994,-83.5679795,26.53,7.9780000000000015,11:55:35,2016-09-06T11:55:35
528,88.0,2016-09-07,32.85108033333333,-91.57983850000001,28.51666666666667,9.048333333333334,3:55:51,2016-09-07T3:55:51
529,90.0,2016-09-02,43.57760833333333,-73.04941166666667,20.133333333333336,3.8266666666666667,22:58:48,2016-09-02T22:58:48
530,90.0,2016-09-03,37.91312251063829,-87.74419485106382,21.955319148936166,5.923617021276594,12:14:36,2016-09-03T12:14:36
531,90.0,2016-09-04,37.65823038961038,-88.41204109090911,22.383116883116898,6.448181818181819,12:34:16,2016-09-04T12:34:16
532,90.0,2016-09-05,38.25396351785714,-84.66535226785713,23.3875,6.175535714285714,12:03:48,2016-09-05T12:03:48
533,90.0,2016-09-06,36.526364226666665,-87.01905700000002,23.711999999999996,6.584800000000003,11:24:03,2016-09-06T11:24:03
534,90.0,2016-09-07,35.51757739534885,-86.67571304651163,25.583720930232555,9.086279069767441,6:04:41,2016-09-07T6:04:41
535,90.0,2016-09-08,37.564213499999994,-84.48294883333332,26.658333333333335,9.571666666666667,1:30:07,2016-09-08T1:30:07
536,91.0,2016-09-02,39.272038,-74.579418,23.8,7.4,22:10:19,2016-09-02T22:10:19
537,91.0,2016-09-03,42.9693625,-80.2737705,14.6,5.84,3:30:10,2016-09-03T3:30:10
538,91.0,2016-09-05,35.615916999999996,-81.683755,25.700000000000003,10.195,13:27:17,2016-09-05T13:27:17
539,91.0,2016-09-07,37.284688,-79.54696633333333,24.366666666666664,6.516666666666666,1:51:51,2016-09-07T1:51:51
540,92.0,2016-09-02,38.935876,-97.39600050000001,26.083333333333332,8.421666666666667,22:37:52,2016-09-02T22:37:52
541,92.0,2016-09-03,40.58394248809523,-89.03905328571429,19.82976190476191,6.225833333333331,12:06:36,2016-09-03T12:06:36
542,92.0,2016-09-04,39.68108866666665,-83.95006504597701,21.836781609195413,5.746321839080459,11:47:18,2016-09-04T11:47:18
543,92.0,2016-09-05,39.718534467889896,-83.69524964220182,22.395412844036688,7.3502752293578,12:03:12,2016-09-05T12:03:12
544,92.0,2016-09-06,38.691479442307696,-84.31599910576924,23.214423076923083,8.217788461538465,12:12:12,2016-09-06T12:12:12
545,92.0,2016-09-07,38.835475407407394,-85.07065071604939,25.770370370370376,6.897407407407408,7:54:50,2016-09-07T7:54:50
546,92.0,2016-09-08,40.809160750000004,-77.724115,23.558333333333334,6.015833333333334,1:30:15,2016-09-08T1:30:15
547,93.0,2016-09-03,39.631346199999996,-82.81740640000001,21.1,7.378,7:42:13,2016-09-03T7:42:13
548,93.0,2016-09-04,38.52606955555555,-90.16389555555556,21.41111111111111,4.544444444444445,11:33:21,2016-09-04T11:33:21
549,93.0,2016-09-05,40.49748333333333,-86.24387616666668,21.75,5.135,11:56:30,2016-09-05T11:56:30
550,93.0,2016-09-06,38.508573142857145,-82.66847757142855,27.057142857142857,11.26857142857143,13:55:57,2016-09-06T13:55:57
551,93.0,2016-09-07,36.359670599999994,-89.235725,25.54,6.854000000000001,7:57:46,2016-09-07T7:57:46
552,93.0,2016-09-08,44.478351,-73.21538199999998,22.7,4.28,1:18:01,2016-09-08T1:18:01
553,94.0,2016-09-04,32.938245,-92.668241,22.9,6.595000000000001,11:33:49,2016-09-04T11:33:49
554,95.0,2016-09-03,37.310283366666674,-93.25727016666666,25.780000000000005,10.573666666666668,14:03:26,2016-09-03T14:03:26
555,95.0,2016-09-04,34.665935499999996,-104.230527,24.238888888888894,7.067222222222222,7:49:00,2016-09-04T7:49:00
556,95.0,2016-09-05,34.71904807142857,-109.64465342857144,23.97857142857143,5.774285714285715,11:48:03,2016-09-05T11:48:03
557,95.0,2016-09-06,34.498154125,-112.86734568749999,21.14375,5.601875000000001,11:03:06,2016-09-06T11:03:06
558,95.0,2016-09-07,36.325083375000006,-102.909702625,24.6625,6.932500000000001,7:26:25,2016-09-07T7:26:25
559,95.0,2016-09-08,35.1590645,-97.91638099999999,24.71666666666667,7.3933333333333335,2:06:02,2016-09-08T2:06:02
560,96.0,2016-09-02,42.634248,-92.7267105,22.345,6.9505,22:55:46,2016-09-02T22:55:46
561,96.0,2016-09-03,41.5030019953271,-87.86078517757008,20.448130841121483,6.7276635514018714,10:26:10,2016-09-03T10:26:10
562,96.0,2016-09-04,42.15099575618373,-89.72674912720844,20.290812720848052,6.524982332155462,11:32:10,2016-09-04T11:32:10
563,96.0,2016-09-05,41.70170881526105,-88.10645618473895,22.057831325301205,7.5646184738955835,13:55:26,2016-09-05T13:55:26
564,96.0,2016-09-06,41.793712843621385,-86.24662446502067,22.39218106995886,8.840288065843621,12:05:23,2016-09-06T12:05:23
565,96.0,2016-09-07,42.21898064978902,-83.14586283966243,23.32784810126577,7.33084388185653,6:22:16,2016-09-07T6:22:16
566,96.0,2016-09-08,42.214749716981125,-78.65794228301888,22.90943396226415,6.556792452830187,1:22:45,2016-09-08T1:22:45
567,97.0,2016-09-03,42.6152462,-83.3173544,17.98,4.904,8:34:49,2016-09-03T8:34:49
568,97.0,2016-09-04,42.175794571428575,-78.32434657142858,22.614285714285717,5.895714285714285,16:23:20,2016-09-04T16:23:20
569,97.0,2016-09-05,41.879891833333325,-82.72261516666667,19.71666666666667,9.945,12:48:14,2016-09-05T12:48:14
570,97.0,2016-09-06,42.06091833333334,-82.99119716666667,22.150000000000002,8.558333333333334,14:36:51,2016-09-06T14:36:51
571,97.0,2016-09-07,42.126367800000004,-85.11058560000001,23.36,6.675999999999999,2:45:18,2016-09-07T2:45:18
572,97.0,2016-09-08,42.364051,-71.059759,20.4,5.25,1:33:53,2016-09-08T1:33:53
573,98.0,2016-09-02,38.87299807142858,-92.97535549999998,24.0,8.51,22:33:18,2016-09-02T22:33:18
574,98.0,2016-09-03,37.09292848756219,-88.82705233830849,22.646766169154237,6.878358208955221,10:58:02,2016-09-03T10:58:02
575,98.0,2016-09-04,37.25061467338711,-89.68069316935484,23.316935483870928,6.532500000000002,13:30:58,2016-09-04T13:30:58
576,98.0,2016-09-05,36.912745272151895,-86.94909904430375,24.537658227848123,6.6742405063291095,12:55:00,2016-09-05T12:55:00
577,98.0,2016-09-06,35.30441682291669,-89.41676842708331,25.297569444444477,6.904062499999998,12:16:13,2016-09-06T12:16:13
578,98.0,2016-09-07,37.249670525139635,-88.23485375418996,25.656983240223465,7.42743016759776,6:26:27,2016-09-07T6:26:27
579,98.0,2016-09-08,36.143385625,-90.55300962500002,26.142500000000005,7.120000000000003,1:42:51,2016-09-08T1:42:51
580,99.0,2016-09-03,38.2831805,-89.32098458333333,22.825000000000003,6.2225,11:31:14,2016-09-03T11:31:14
581,99.0,2016-09-04,35.92025110000001,-82.63079300000001,23.23,6.426,9:52:16,2016-09-04T9:52:16
582,99.0,2016-09-05,37.74590300000001,-79.16529519999997,26.28,7.406000000000001,17:55:37,2016-09-05T17:55:37
583,99.0,2016-09-06,35.17688130769231,-91.71017238461539,24.692307692307693,5.858461538461537,11:24:29,2016-09-06T11:24:29
584,99.0,2016-09-07,38.0149334,-85.8627292,26.18,6.840000000000001,8:07:02,2016-09-07T8:07:02
585,99.0,2016-09-08,34.051288,-84.26142,25.7,3.0,0:58:17,2016-09-08T0:58:17
586,100.0,2016-09-03,39.78295167391305,-82.44603532608694,20.349999999999998,10.545434782608694,14:21:25,2016-09-03T14:21:25
587,100.0,2016-09-04,39.512247565656565,-77.32618251515156,22.279797979798015,11.273131313131312,13:20:25,2016-09-04T13:20:25
588,100.0,2016-09-05,36.02820848529412,-89.11881555882351,23.595588235294112,8.140441176470588,12:06:37,2016-09-05T12:06:37
589,100.0,2016-09-06,31.696878776859517,-81.81523622314049,25.344628099173576,8.27603305785123,12:02:43,2016-09-06T12:02:43
590,100.0,2016-09-07,32.545468625,-94.41297895833334,27.46666666666665,10.998958333333327,6:59:12,2016-09-07T6:59:12
591,100.0,2016-09-08,36.265754625,-89.054742,26.987499999999997,10.53625,1:42:15,2016-09-08T1:42:15
592,101.0,2016-09-04,39.4015185,-74.46790766666665,23.8,10.186666666666666,16:21:17,2016-09-04T16:21:17
593,101.0,2016-09-05,25.787132,-80.134004,29.7,4.82,11:54:50,2016-09-05T11:54:50
594,101.0,2016-09-06,32.265232600000004,-77.80286620000001,27.22,8.592,17:10:48,2016-09-06T17:10:48
595,101.0,2016-09-07,41.891651,-87.602861,31.8,17.23,20:47:56,2016-09-07T20:47:56
596,101.0,2016-09-08,33.704273,-78.864848,26.0,7.55,2:28:24,2016-09-08T2:28:24
597,102.0,2016-09-02,37.746652812499995,-83.4712155625,26.96875,6.611250000000001,22:32:54,2016-09-02T22:32:54
598,102.0,2016-09-03,35.684030940476184,-89.0097118690476,23.46249999999999,7.215059523809519,10:24:10,2016-09-03T10:24:10
599,102.0,2016-09-04,33.65135867307693,-88.76731994871797,25.420512820512815,6.550448717948724,13:05:30,2016-09-04T13:05:30
600,102.0,2016-09-05,35.23440518009479,-89.13020853080573,23.983412322274887,5.845118483412323,12:47:53,2016-09-05T12:47:53
601,102.0,2016-09-06,34.506819293172704,-90.26841413253018,26.323293172690764,7.350923694779114,13:02:55,2016-09-06T13:02:55
602,102.0,2016-09-07,35.28186543884894,-88.67932264748205,26.13597122302156,6.899712230215829,8:05:19,2016-09-07T8:05:19
603,102.0,2016-09-08,36.625613263157895,-87.91484126315788,25.97368421052631,7.5873684210526315,1:31:43,2016-09-08T1:31:43
604,103.0,2016-09-03,34.899537,-77.527233,21.6,15.65,7:02:31,2016-09-03T7:02:31
605,103.0,2016-09-04,37.9860465,-85.4623055,26.45,6.59,20:31:18,2016-09-04T20:31:18
606,103.0,2016-09-05,34.2647962,-80.8410834,27.7,7.869999999999999,14:17:47,2016-09-05T14:17:47
607,103.0,2016-09-06,31.84869975,-89.96754974999999,28.700000000000003,7.595,15:05:39,2016-09-06T15:05:39
608,103.0,2016-09-07,34.268037,-119.278246,17.5,2.34,6:19:17,2016-09-07T6:19:17
609,103.0,2016-09-08,30.00432,-90.183853,27.9,3.84,0:17:27,2016-09-08T0:17:27
610,104.0,2016-09-02,37.000538000000006,-113.67323975,25.683333333333334,9.190000000000001,22:50:57,2016-09-02T22:50:57
611,104.0,2016-09-03,34.246488208333325,-108.56771808333336,25.933333333333323,6.95427083333333,7:37:05,2016-09-03T7:37:05
612,104.0,2016-09-04,34.46369705357143,-106.3238116339286,23.081250000000004,7.135178571428571,12:09:33,2016-09-04T12:09:33
613,104.0,2016-09-05,34.498489123287676,-108.67069152739728,23.224657534246585,6.769520547945206,12:25:03,2016-09-05T12:25:03
614,104.0,2016-09-06,34.195553577380956,-111.07320480952379,22.043452380952402,5.063273809523809,8:40:48,2016-09-06T8:40:48
615,104.0,2016-09-07,35.492111397260274,-106.99788284931508,23.450684931506846,7.582328767123286,6:25:11,2016-09-07T6:25:11
616,104.0,2016-09-08,35.5861088125,-102.61606256249999,25.96875,7.238125000000001,1:42:05,2016-09-08T1:42:05
617,105.0,2016-09-03,33.194796999999994,-117.384828,20.9,9.56,16:43:44,2016-09-03T16:43:44
618,105.0,2016-09-04,36.042553999999996,-100.49476055555556,21.41111111111111,4.936666666666667,9:17:24,2016-09-04T9:17:24
619,105.0,2016-09-05,32.977705,-117.143372,21.75,5.995,9:29:40,2016-09-05T9:29:40
620,105.0,2016-09-06,32.56805166666667,-112.7990335,20.05,4.088333333333334,10:03:51,2016-09-06T10:03:51
621,106.0,2016-09-02,34.008217,-118.499215,19.7,10.7,22:09:40,2016-09-02T22:09:40
622,106.0,2016-09-03,35.0752854,-114.4424284,23.56,6.032,5:54:52,2016-09-03T5:54:52
623,106.0,2016-09-04,35.213128499999996,-106.64277750000001,23.499999999999996,11.3025,15:39:49,2016-09-04T15:39:49
624,106.0,2016-09-05,33.760662,-101.9842514,23.839999999999996,5.2700000000000005,12:11:31,2016-09-05T12:11:31
625,106.0,2016-09-06,34.0666858,-113.8173384,30.359999999999996,6.552000000000001,18:08:33,2016-09-06T18:08:33
626,106.0,2016-09-07,36.146134714285715,-116.65619814285712,26.714285714285715,9.705714285714288,5:05:47,2016-09-07T5:05:47
627,107.0,2016-09-03,34.5991195,-108.98075925,27.2,5.335000000000001,3:19:44,2016-09-03T3:19:44
628,107.0,2016-09-04,35.0252395,-103.48363733333333,23.333333333333332,6.724999999999999,18:44:56,2016-09-04T18:44:56
629,107.0,2016-09-05,33.342039799999995,-109.2718292,25.2,7.304,13:05:03,2016-09-05T13:05:03
630,107.0,2016-09-06,32.6303444,-101.99922739999998,25.860000000000003,5.264,14:37:22,2016-09-06T14:37:22
631,107.0,2016-09-07,35.8253085,-97.06396050000001,22.25,4.82,3:18:21,2016-09-07T3:18:21
632,108.0,2016-09-02,44.334245,-72.751948,21.8,5.72,22:00:55,2016-09-02T22:00:55
633,108.0,2016-09-03,37.87586866666667,-105.78000066666668,18.766666666666666,6.543333333333333,3:42:01,2016-09-03T3:42:01
634,108.0,2016-09-04,40.27071566666667,-100.68156166666667,20.599999999999998,6.760000000000001,14:38:19,2016-09-04T14:38:19
635,108.0,2016-09-05,38.058355500000005,-94.013616,23.574999999999996,6.0725,17:27:13,2016-09-05T17:27:13
636,108.0,2016-09-06,42.968161499999994,-114.018314,23.75,7.855,13:15:48,2016-09-06T13:15:48
637,108.0,2016-09-07,39.246133,-91.04293,20.549999999999997,7.355,3:29:11,2016-09-07T3:29:11
638,109.0,2016-09-02,35.368562,-80.7225675,19.3,11.48,22:38:07,2016-09-02T22:38:07
639,109.0,2016-09-03,37.01610300000001,-89.95305081250001,21.503124999999997,6.949999999999998,10:41:21,2016-09-03T10:41:21
640,109.0,2016-09-04,37.04587465714287,-89.42414679999999,23.277142857142856,6.477714285714287,10:42:25,2016-09-04T10:42:25
641,109.0,2016-09-05,36.33843727272727,-93.15579293181818,23.272727272727273,5.8963636363636365,11:46:17,2016-09-05T11:46:17
642,109.0,2016-09-06,35.909935000000004,-88.7590410232558,26.344186046511627,6.8972093023255825,12:12:00,2016-09-06T12:12:00
643,109.0,2016-09-07,34.43914704347826,-90.71823517391303,26.426086956521736,7.100434782608694,7:01:33,2016-09-07T7:01:33
644,109.0,2016-09-08,34.142115125,-85.49944675,24.6375,6.755,2:01:49,2016-09-08T2:01:49
645,110.0,2016-09-03,40.6411305,-74.53247000000002,24.15,9.41,18:11:28,2016-09-03T18:11:28
646,110.0,2016-09-04,34.094260500000004,-75.868189,22.9,8.065000000000001,18:02:48,2016-09-04T18:02:48
647,110.0,2016-09-07,43.244971,-99.69068,21.25,5.050000000000001,22:41:15,2016-09-07T22:41:15
648,111.0,2016-09-02,37.2138523,-111.19815239999998,25.919999999999998,9.707,22:55:48,2016-09-02T22:55:48
649,111.0,2016-09-03,35.357104634328344,-107.31667184328353,24.18358208955223,7.098955223880597,8:56:10,2016-09-03T8:56:10
650,111.0,2016-09-04,35.47490382031249,-104.68192035937504,24.08281250000003,7.353046875,11:05:18,2016-09-04T11:05:18
651,111.0,2016-09-05,35.35789575418994,-107.40063022905025,22.627374301675967,5.860782122905023,11:30:16,2016-09-05T11:30:16
652,111.0,2016-09-06,34.93874609452737,-107.81469460198998,20.88805970149257,5.022189054726369,7:48:32,2016-09-06T7:48:32
653,111.0,2016-09-07,35.4062077341772,-107.67889729113925,25.313924050632913,7.473037974683547,7:03:21,2016-09-07T7:03:21
654,111.0,2016-09-08,34.0975025,-108.9991761,24.4,7.338999999999999,2:02:06,2016-09-08T2:02:06
655,112.0,2016-09-03,34.67098666666667,-114.876689,29.083333333333332,7.156666666666666,7:25:20,2016-09-03T7:25:20
656,112.0,2016-09-04,36.007582500000005,-106.24184625,23.775,5.250000000000001,5:48:03,2016-09-04T5:48:03
657,112.0,2016-09-05,38.422472666666664,-94.04063133333334,19.116666666666664,4.091666666666667,11:51:57,2016-09-05T11:51:57
658,112.0,2016-09-06,33.83085671428571,-117.41676014285714,21.514285714285716,8.120000000000001,11:55:58,2016-09-06T11:55:58
659,112.0,2016-09-07,36.614517,-108.5901175,27.6,8.085,2:38:10,2016-09-07T2:38:10
660,113.0,2016-09-03,33.45983775,-107.87970124999998,24.625,8.395,10:11:09,2016-09-03T10:11:09
661,113.0,2016-09-04,33.747943500000005,-117.653802,21.5,9.74,11:01:07,2016-09-04T11:01:07
662,113.0,2016-09-05,36.95886266666667,-114.65168566666665,18.433333333333334,6.213333333333334,11:07:00,2016-09-05T11:07:00
663,113.0,2016-09-06,33.0937605,-117.2680025,16.75,2.975,9:59:19,2016-09-06T9:59:19
664,113.0,2016-09-07,35.8503005,-114.93484199999999,19.775000000000002,5.9625,4:02:03,2016-09-07T4:02:03
665,113.0,2016-09-08,33.618072999999995,-111.737012,28.9,7.4,2:36:40,2016-09-08T2:36:40
666,114.0,2016-09-02,35.431295,-97.343849,29.3,8.51,22:37:43,2016-09-02T22:37:43
667,114.0,2016-09-03,34.445166285714286,-90.58271123809523,23.042857142857144,7.204761904761905,11:24:42,2016-09-03T11:24:42
668,114.0,2016-09-04,35.56993486206896,-85.4224707241379,25.165517241379312,5.508620689655173,13:31:18,2016-09-04T13:31:18
669,114.0,2016-09-05,33.289425172413786,-85.53025682758621,26.451724137931034,5.423103448275862,14:19:09,2016-09-05T14:19:09
670,114.0,2016-09-06,35.236810150000004,-87.52697375,26.190000000000005,6.397,11:16:45,2016-09-06T11:16:45
671,114.0,2016-09-07,35.00527755555556,-83.16971766666666,28.211111111111112,9.265555555555556,17:14:01,2016-09-07T17:14:01
672,114.0,2016-09-08,32.59252933333334,-88.22936833333331,26.96666666666667,6.703333333333333,1:59:15,2016-09-08T1:59:15
673,116.0,2016-09-02,40.44263324999999,-98.711891,22.175,7.945000000000001,22:57:14,2016-09-02T22:57:14
674,116.0,2016-09-03,37.35083090566038,-87.90455391509433,21.631132075471704,7.027830188679243,10:54:29,2016-09-03T10:54:29
675,116.0,2016-09-04,36.335301104477615,-87.14985537313432,23.36492537313434,5.86723880597015,11:37:34,2016-09-04T11:37:34
676,116.0,2016-09-05,36.180135113333336,-88.49655448000004,24.51466666666668,6.954800000000006,13:38:56,2016-09-05T13:38:56
677,116.0,2016-09-06,34.96057758666668,-89.27007275333331,26.185333333333332,7.8784666666666725,12:44:01,2016-09-06T12:44:01
678,116.0,2016-09-07,36.52283879746835,-86.99467881012657,26.63544303797468,7.651898734177215,6:51:29,2016-09-07T6:51:29
679,116.0,2016-09-08,35.67920497222222,-87.1746901111111,25.636111111111113,6.333333333333333,1:39:31,2016-09-08T1:39:31
680,117.0,2016-09-03,41.366887,-85.6041348,21.04,6.4079999999999995,14:02:50,2016-09-03T14:02:50
681,117.0,2016-09-04,35.20201077777778,-93.58250844444446,23.922222222222224,5.488888888888889,12:04:24,2016-09-04T12:04:24
682,117.0,2016-09-05,35.65515757142857,-90.88263157142856,24.771428571428572,9.92,12:25:57,2016-09-05T12:25:57
683,117.0,2016-09-06,37.32900657142857,-78.29374771428571,22.47142857142858,8.382857142857143,10:28:41,2016-09-06T10:28:41
684,117.0,2016-09-07,36.248090000000005,-82.3091112,25.52,6.678,6:37:18,2016-09-07T6:37:18
685,118.0,2016-09-02,36.88107238888889,-82.99864466666666,24.92777777777778,7.578333333333333,22:30:38,2016-09-02T22:30:38
686,118.0,2016-09-03,36.2999243004292,-92.5958641072962,21.93948497854077,7.054034334763943,10:19:51,2016-09-03T10:19:51
687,118.0,2016-09-04,36.84749056565655,-91.0611124141415,22.777272727272717,6.243434343434337,11:23:48,2016-09-04T11:23:48
688,118.0,2016-09-05,35.88616324067798,-86.88968807457623,24.740677966101714,6.97142372881356,13:10:34,2016-09-05T13:10:34
689,118.0,2016-09-06,34.560408185873605,-91.60480589962823,26.02750929368035,7.340929368029735,12:37:50,2016-09-06T12:37:50
690,118.0,2016-09-07,36.13390706707318,-91.15012670121948,25.604878048780474,7.403902439024394,6:51:41,2016-09-07T6:51:41
691,118.0,2016-09-08,35.55328152941178,-90.71117061764708,26.767647058823528,7.977352941176468,1:24:34,2016-09-08T1:24:34
692,119.0,2016-09-03,38.94923318181819,-94.04603290909091,20.5,7.994545454545456,12:15:19,2016-09-03T12:15:19
693,119.0,2016-09-04,36.45696735714286,-84.9929135,24.092857142857145,6.438571428571429,12:23:09,2016-09-04T12:23:09
694,119.0,2016-09-05,41.56410211111111,-102.74674822222222,18.38888888888889,7.0311111111111115,13:14:25,2016-09-05T13:14:25
695,119.0,2016-09-06,35.170016,-92.69663650000001,23.279999999999994,7.022,14:38:02,2016-09-06T14:38:02
696,119.0,2016-09-07,36.222589,-91.67337833333333,27.683333333333334,7.938333333333333,9:22:44,2016-09-07T9:22:44
697,119.0,2016-09-08,28.382188,-81.50241899999997,24.7,6.43,2:22:12,2016-09-08T2:22:12
698,120.0,2016-09-02,35.328123866666665,-85.5242414,26.13333333333334,8.040000000000001,22:21:49,2016-09-02T22:21:49
699,120.0,2016-09-03,36.72417814871797,-90.45291288717952,22.48564102564103,7.089179487179486,9:14:33,2016-09-03T9:14:33
700,120.0,2016-09-04,37.30596166145835,-88.46268308333332,22.75885416666665,6.38322916666666,10:05:38,2016-09-04T10:05:38
701,120.0,2016-09-05,35.2743024449761,-87.86366487559809,24.90382775119617,6.391531100478478,13:06:38,2016-09-05T13:06:38
702,120.0,2016-09-06,34.94214589433961,-90.18020838867922,26.386037735849087,7.198981132075468,12:32:20,2016-09-06T12:32:20
703,120.0,2016-09-07,36.34644976870748,-88.27051434013606,26.20136054421768,7.7247619047619045,7:15:09,2016-09-07T7:15:09
704,120.0,2016-09-08,35.610388125,-92.55815841666667,25.354166666666657,6.515000000000001,1:40:25,2016-09-08T1:40:25
705,121.0,2016-09-03,40.82899775,-90.86755875,18.8,6.0275,13:29:32,2016-09-03T13:29:32
706,121.0,2016-09-04,37.79414000000001,-122.390223,12.3,1.11,12:32:12,2016-09-04T12:32:12
707,121.0,2016-09-05,33.926284800000005,-84.2808928,26.339999999999996,5.418,18:52:24,2016-09-05T18:52:24
708,121.0,2016-09-07,34.4356615,-83.636301,25.4,3.8200000000000003,3:53:20,2016-09-07T3:53:20
709,121.0,2016-09-08,38.997245,-77.406676,24.4,7.46,2:32:03,2016-09-08T2:32:03
710,123.0,2016-09-03,36.90148418181819,-83.60826509090909,21.24090909090909,5.71409090909091,10:16:03,2016-09-03T10:16:03
711,123.0,2016-09-04,36.8624736,-87.17215866666663,23.79777777777779,6.825333333333332,11:17:21,2016-09-04T11:17:21
712,123.0,2016-09-05,37.64937177551021,-82.53928410204084,22.112244897959183,5.435918367346938,10:33:03,2016-09-05T10:33:03
713,123.0,2016-09-06,36.26165690909092,-92.16904590909091,24.136363636363622,5.523636363636365,9:37:01,2016-09-06T9:37:01
714,123.0,2016-09-07,37.54269071428571,-85.9528851904762,25.647619047619052,9.30095238095238,5:30:29,2016-09-07T5:30:29
715,123.0,2016-09-08,39.052127875000004,-80.36905124999998,24.618750000000006,5.12125,1:47:44,2016-09-08T1:47:44
716,124.0,2016-09-03,40.477991888888894,-91.94435588888888,24.144444444444446,6.914444444444445,15:51:00,2016-09-03T15:51:00
717,124.0,2016-09-04,41.50637270588236,-84.671966,23.635294117647057,9.411176470588234,16:02:25,2016-09-04T16:02:25
718,124.0,2016-09-05,43.254670833333336,-92.38952583333334,23.066666666666666,11.21,21:05:18,2016-09-05T21:05:18
719,124.0,2016-09-06,40.121326812499994,-98.84175256249999,17.575,6.234375,9:50:47,2016-09-06T9:50:47
720,124.0,2016-09-07,41.776307357142855,-85.06706671428572,25.057142857142853,7.252142857142856,6:10:49,2016-09-07T6:10:49
721,124.0,2016-09-08,42.63658866666666,-75.24781166666665,23.8,5.79,1:29:47,2016-09-08T1:29:47
722,125.0,2016-09-03,38.266666526315795,-90.0492032105263,20.973684210526315,6.421052631578946,9:51:24,2016-09-03T9:51:24
723,125.0,2016-09-04,37.78669449999999,-87.85142950000001,22.3,5.5025,11:59:01,2016-09-04T11:59:01
724,125.0,2016-09-05,37.561278375,-90.53174849999999,25.9375,8.02,15:49:06,2016-09-05T15:49:06
725,125.0,2016-09-06,32.589627285714286,-106.39987814285715,20.985714285714288,6.375714285714287,13:38:58,2016-09-06T13:38:58
726,126.0,2016-09-02,34.509604,-117.347095,33.7,11.89,22:30:55,2016-09-02T22:30:55
727,126.0,2016-09-03,35.29083742857143,-100.48815228571428,22.5,4.605714285714286,12:00:10,2016-09-03T12:00:10
728,126.0,2016-09-04,35.9639008125,-99.513185625,25.493750000000002,8.055000000000001,10:37:20,2016-09-04T10:37:20
729,126.0,2016-09-05,34.43091225,-97.51555041666667,24.991666666666664,8.129166666666668,12:35:06,2016-09-05T12:35:06
730,126.0,2016-09-06,38.540081303030306,-104.32190451515153,25.051515151515154,7.571818181818183,17:39:38,2016-09-06T17:39:38
731,126.0,2016-09-07,38.5872103125,-105.648179125,23.468749999999993,4.92125,4:31:03,2016-09-07T4:31:03
732,126.0,2016-09-08,33.431095,-112.043678,29.9,9.8,0:48:11,2016-09-08T0:48:11
733,127.0,2016-09-02,34.59949133333333,-95.5448325,28.433333333333334,7.271666666666666,22:53:01,2016-09-02T22:53:01
734,127.0,2016-09-03,35.50412902222222,-93.11986194444447,23.227777777777767,7.023333333333331,9:54:33,2016-09-03T9:54:33
735,127.0,2016-09-04,34.055115578947365,-91.52829003157892,25.15052631578948,5.729999999999997,11:27:05,2016-09-04T11:27:05
736,127.0,2016-09-05,34.31128800833334,-91.93935763333337,24.42000000000001,5.988000000000003,12:05:04,2016-09-05T12:05:04
737,127.0,2016-09-06,32.998095919354846,-92.42524805645161,26.995161290322592,6.4067741935483875,11:44:45,2016-09-06T11:44:45
738,127.0,2016-09-07,34.65043266666667,-91.96998556060606,26.730303030303038,7.7063636363636405,5:46:34,2016-09-07T5:46:34
739,127.0,2016-09-08,35.463189500000006,-91.79250528571428,25.08571428571429,6.978571428571429,1:44:58,2016-09-08T1:44:58
740,128.0,2016-09-02,38.87929325,-96.40080474999999,22.625,7.387500000000001,22:36:52,2016-09-02T22:36:52
741,128.0,2016-09-03,38.218549206185585,-95.52606610309276,21.294845360824738,7.159072164948452,12:12:22,2016-09-03T12:12:22
742,128.0,2016-09-04,38.14893003883496,-92.22173285436894,22.437864077669907,6.11834951456311,11:11:45,2016-09-04T11:11:45
743,128.0,2016-09-05,38.39100969999997,-89.03765631538461,22.79230769230771,6.0877692307692355,13:07:05,2016-09-05T13:07:05
744,128.0,2016-09-06,36.54583149137931,-93.1115143362069,25.27844827586208,6.609482758620692,13:35:08,2016-09-06T13:35:08
745,128.0,2016-09-07,37.66490258227848,-89.40409581012659,25.19367088607596,6.057468354430378,7:24:35,2016-09-07T7:24:35
746,128.0,2016-09-08,35.944621090909095,-87.68425363636364,25.50909090909091,5.128181818181818,1:16:02,2016-09-08T1:16:02
747,129.0,2016-09-02,37.114825136363635,-86.22211449999999,24.75,8.259999999999998,22:36:55,2016-09-02T22:36:55
748,129.0,2016-09-03,36.257227568998125,-88.5644218752362,22.47618147448018,7.171758034026474,10:06:56,2016-09-03T10:06:56
749,129.0,2016-09-04,36.58364170637584,-89.55517439932886,23.220637583892604,6.042550335570486,12:25:15,2016-09-04T12:25:15
750,129.0,2016-09-05,36.0977011959288,-92.28927816921113,23.207888040712447,6.270419847328206,12:38:07,2016-09-05T12:38:07
751,129.0,2016-09-06,34.5529048693009,-91.48301827811557,24.840729483282672,6.555653495440717,11:49:11,2016-09-06T11:49:11
752,129.0,2016-09-07,37.82192786996903,-92.86465492879258,25.157894736842096,8.35777089783282,6:32:24,2016-09-07T6:32:24
753,129.0,2016-09-08,34.14665346753247,-86.27809589610389,26.200000000000003,6.851038961038962,1:38:20,2016-09-08T1:38:20
754,130.0,2016-09-05,45.514693,-122.868822,14.6,5.68,4:42:57,2016-09-05T4:42:57
755,130.0,2016-09-07,38.910003,-77.200409,24.2,2.39,3:25:38,2016-09-07T3:25:38
756,130.0,2016-09-08,39.418057,-77.424252,24.3,2.79,3:00:37,2016-09-08T3:00:37
757,131.0,2016-09-05,25.790833,-80.134615,28.5,4.36,4:17:58,2016-09-05T4:17:58
758,131.0,2016-09-06,36.2210115,-80.6529835,22.6,12.755,14:13:49,2016-09-06T14:13:49
759,133.0,2016-09-02,37.926441921875,-92.22216945312499,25.57656249999999,7.5435937499999985,22:42:54,2016-09-02T22:42:54
760,133.0,2016-09-03,38.06488091728526,-91.52377855461322,21.998197242841968,7.097104984093325,11:10:07,2016-09-03T11:10:07
761,133.0,2016-09-04,37.516968561936885,-90.9962750225225,23.20630630630635,6.325157657657664,12:37:34,2016-09-04T12:37:34
762,133.0,2016-09-05,37.86404750115647,-88.72503854047804,23.168542791056304,6.371996915959892,12:25:03,2016-09-05T12:25:03
763,133.0,2016-09-06,37.32358350828253,-89.6720545780297,24.60662598081951,6.7998430688752975,11:38:23,2016-09-06T11:38:23
764,133.0,2016-09-07,37.74140883459794,-91.76935647040973,25.590440060698054,6.806600910470394,8:22:55,2016-09-07T8:22:55
765,133.0,2016-09-08,37.32331704929578,-89.61664741549303,25.288732394366196,7.170985915492956,1:35:34,2016-09-08T1:35:34
766,134.0,2016-09-03,29.6054175,-85.607139,28.1,4.445,20:49:20,2016-09-03T20:49:20
767,134.0,2016-09-04,39.285486,-76.611711,24.2,8.51,16:54:11,2016-09-04T16:54:11
768,134.0,2016-09-05,33.530177333333334,-81.74557366666667,25.133333333333336,4.09,12:11:46,2016-09-05T12:11:46
769,134.0,2016-09-06,38.909162,-77.197175,21.7,4.46,4:31:07,2016-09-06T4:31:07
770,134.0,2016-09-07,46.146126,-122.930474,17.4,4.06,0:48:29,2016-09-07T0:48:29
771,135.0,2016-09-03,40.399991,-111.9267715,27.45,9.695,1:13:55,2016-09-03T1:13:55
772,135.0,2016-09-04,37.207799,-83.77296899999999,20.0,5.59,7:21:17,2016-09-04T7:21:17
773,135.0,2016-09-05,32.4849035,-107.9549045,30.3,5.235,22:14:22,2016-09-05T22:14:22
774,135.0,2016-09-06,36.2768755,-104.35342499999999,23.049999999999997,7.875,2:55:02,2016-09-06T2:55:02
775,135.0,2016-09-07,33.505785,-111.918201,36.1,5.14,0:56:27,2016-09-07T0:56:27
776,136.0,2016-09-03,29.844406000000003,-105.127104,32.0,4.47,4:21:23,2016-09-03T4:21:23
777,136.0,2016-09-04,38.006336250000004,-97.87817125000001,24.375,7.77,13:26:10,2016-09-04T13:26:10
778,136.0,2016-09-05,33.7077415,-111.57976475000001,25.475,6.869999999999999,13:58:10,2016-09-05T13:58:10
779,136.0,2016-09-06,32.730121000000004,-117.215662,22.0,10.25,23:52:17,2016-09-06T23:52:17
780,137.0,2016-09-06,29.943634000000007,-90.070918,26.3,4.04,1:13:17,2016-09-06T1:13:17
781,137.0,2016-09-08,42.354682,-71.059666,20.4,5.25,1:34:49,2016-09-08T1:34:49
782,138.0,2016-09-02,36.342073,-93.256419,31.65,10.465,22:26:42,2016-09-02T22:26:42
783,138.0,2016-09-03,33.35171231034482,-108.30923700000002,26.39310344827586,6.090344827586207,8:23:22,2016-09-03T8:23:22
784,138.0,2016-09-04,34.717428700000006,-102.2522209,25.869999999999997,8.233,12:09:33,2016-09-04T12:09:33
785,138.0,2016-09-05,35.75308337931035,-100.4486605517241,23.98275862068966,5.675517241379312,11:23:07,2016-09-05T11:23:07
786,138.0,2016-09-06,34.32853896969697,-111.06723006060605,24.021212121212127,6.802424242424242,13:10:54,2016-09-06T13:10:54
787,138.0,2016-09-07,34.7684032,-110.76177646666665,22.340000000000007,7.360666666666668,3:51:45,2016-09-07T3:51:45
788,138.0,2016-09-08,36.763554750000004,-105.44078625,24.599999999999998,7.1825,1:37:08,2016-09-08T1:37:08
789,139.0,2016-09-03,40.559968,-112.001108,21.4,12.52,6:33:47,2016-09-03T6:33:47
790,139.0,2016-09-06,33.627281,-111.72043,35.1,7.12,19:21:18,2016-09-06T19:21:18
791,139.0,2016-09-07,34.007541,-118.492372,20.2,7.79,21:03:07,2016-09-07T21:03:07
792,140.0,2016-09-02,35.431236999999996,-119.04660899999999,29.75,6.365,23:06:41,2016-09-02T23:06:41
793,140.0,2016-09-03,37.24797026315789,-113.492855,26.16842105263158,6.289999999999998,6:25:26,2016-09-03T6:25:26
794,140.0,2016-09-04,36.61778235294118,-107.2153541764706,23.041176470588233,6.416470588235293,11:33:02,2016-09-04T11:33:02
795,140.0,2016-09-05,34.879851333333335,-110.00476127777777,24.099999999999998,6.064444444444444,9:57:11,2016-09-05T9:57:11
796,140.0,2016-09-06,34.26092452173913,-112.48947682608696,25.01304347826087,7.41608695652174,14:25:03,2016-09-06T14:25:03
797,140.0,2016-09-07,34.03849820833332,-108.42708229166665,28.925,8.864583333333334,2:07:32,2016-09-07T2:07:32
798,141.0,2016-09-03,33.807042,-117.919545,19.9,3.91,4:07:09,2016-09-03T4:07:09
799,141.0,2016-09-05,34.427695,-118.559052,23.3,7.26,19:41:32,2016-09-05T19:41:32
800,142.0,2016-09-03,36.6483585,-97.55460400000001,22.0,11.735,10:52:17,2016-09-03T10:52:17
801,142.0,2016-09-05,37.3443755,-79.142717,25.200000000000003,7.725,11:54:58,2016-09-05T11:54:58
802,142.0,2016-09-06,34.0093435,-118.49839399999999,18.950000000000003,10.105,20:06:11,2016-09-06T20:06:11
803,142.0,2016-09-07,42.7748265,-77.3414895,25.200000000000003,7.619999999999999,13:56:51,2016-09-07T13:56:51
804,143.0,2016-09-03,35.169189,-100.999375,27.799999999999997,9.79,4:41:30,2016-09-03T4:41:30
805,143.0,2016-09-04,38.29872541666666,-82.88151441666666,22.7,5.0325,14:00:35,2016-09-04T14:00:35
806,143.0,2016-09-05,31.6538167,-90.9823465,26.410000000000004,6.525,10:40:27,2016-09-05T10:40:27
807,143.0,2016-09-06,37.8874284,-102.95122959999999,24.02,5.178,7:03:02,2016-09-06T7:03:02
808,143.0,2016-09-07,39.061962333333334,-82.285498,30.46666666666667,8.196666666666667,20:50:18,2016-09-07T20:50:18
809,143.0,2016-09-08,27.311276499999998,-89.853422,26.35,8.844999999999999,2:13:20,2016-09-08T2:13:20
810,147.0,2016-09-02,42.85294,-98.285893,21.666666666666668,11.92,22:14:13,2016-09-02T22:14:13
811,147.0,2016-09-03,36.346934909090905,-86.48772602272727,22.454545454545453,6.473636363636363,9:56:02,2016-09-03T9:56:02
812,147.0,2016-09-04,36.83939032692307,-88.65943459615382,23.538461538461533,5.849615384615385,13:59:56,2016-09-04T13:59:56
813,147.0,2016-09-05,35.61054273076923,-89.68830857692305,24.107692307692297,6.311923076923076,13:56:00,2016-09-05T13:56:00
814,147.0,2016-09-06,33.88061405769233,-91.20747809615385,25.080769230769217,6.26269230769231,12:56:46,2016-09-06T12:56:46
815,147.0,2016-09-07,37.202728240000006,-90.47559079999999,24.852000000000004,8.506000000000002,6:16:24,2016-09-07T6:16:24
816,147.0,2016-09-08,37.393339,-85.06410149999999,26.683333333333334,8.488333333333333,1:40:10,2016-09-08T1:40:10
817,148.0,2016-09-03,32.77496214285714,-95.47342,24.628571428571426,6.437142857142858,3:59:10,2016-09-03T3:59:10
818,148.0,2016-09-04,36.78188925,-91.67851775,21.475,6.454999999999999,12:30:43,2016-09-04T12:30:43
819,148.0,2016-09-05,36.342181333333336,-95.26260083333334,21.71666666666667,4.338333333333333,13:43:22,2016-09-05T13:43:22
820,148.0,2016-09-06,31.5543204,-89.277281,26.48,5.7700000000000005,9:43:40,2016-09-06T9:43:40
821,148.0,2016-09-07,37.59993,-122.366675,29.2,14.71,22:42:50,2016-09-07T22:42:50
822,148.0,2016-09-08,33.705015,-78.863522,26.0,7.55,2:16:15,2016-09-08T2:16:15
823,149.0,2016-09-03,40.929122,-73.89524300000002,22.2,8.15,2:10:56,2016-09-03T2:10:56
824,149.0,2016-09-04,40.84910366666667,-87.74160166666667,18.36666666666667,3.65,11:40:09,2016-09-04T11:40:09
825,149.0,2016-09-05,33.788768,-84.371989,29.8,5.21,21:41:45,2016-09-05T21:41:45
826,149.0,2016-09-06,32.746354,-116.923101,17.3,5.0,3:32:24,2016-09-06T3:32:24
827,149.0,2016-09-07,42.282271,-87.833217,29.4,8.83,1:02:17,2016-09-07T1:02:17
